text,service_id,department_id,sub_department_id,workflow_id
We are residing in Karimnagar and applying for polytechnic,POST_MATRIC_SCHOLARSHIP,DEPT_HIGHER_EDU,SUB_SCHOLARSHIP_CELL,WF_SCHOLARSHIP_LIFECYCLE
apply for aishe and student stipend,POST_MATRIC_SCHOLARSHIP,DEPT_HIGHER_EDU,SUB_SCHOLARSHIP_CELL,WF_SCHOLARSHIP_LIFECYCLE
apply for reimbursement and marks memo,POST_MATRIC_SCHOLARSHIP,DEPT_HIGHER_EDU,SUB_SCHOLARSHIP_CELL,WF_SCHOLARSHIP_LIFECYCLE
apply for polytechnic and post matric,POST_MATRIC_SCHOLARSHIP,DEPT_HIGHER_EDU,SUB_SCHOLARSHIP_CELL,WF_SCHOLARSHIP_LIFECYCLE
I want to apply for higher education grant in Medchal,POST_MATRIC_SCHOLARSHIP,DEPT_HIGHER_EDU,SUB_SCHOLARSHIP_CELL,WF_SCHOLARSHIP_LIFECYCLE
apply for fee concession and higher education grant,POST_MATRIC_SCHOLARSHIP,DEPT_HIGHER_EDU,SUB_SCHOLARSHIP_CELL,WF_SCHOLARSHIP_LIFECYCLE
I want to apply for engineering in Medchal,POST_MATRIC_SCHOLARSHIP,DEPT_HIGHER_EDU,SUB_SCHOLARSHIP_CELL,WF_SCHOLARSHIP_LIFECYCLE
Uploaded documents for exam fee waiver verification,POST_MATRIC_SCHOLARSHIP,DEPT_HIGHER_EDU,SUB_SCHOLARSHIP_CELL,WF_SCHOLARSHIP_LIFECYCLE
URGENT: Requesting immediate approval for btech,POST_MATRIC_SCHOLARSHIP,DEPT_HIGHER_EDU,SUB_SCHOLARSHIP_CELL,WF_SCHOLARSHIP_LIFECYCLE
Hello officer please guide me for scholarship,POST_MATRIC_SCHOLARSHIP,DEPT_HIGHER_EDU,SUB_SCHOLARSHIP_CELL,WF_SCHOLARSHIP_LIFECYCLE
apply for exam fee waiver and exam fee waiver,POST_MATRIC_SCHOLARSHIP,DEPT_HIGHER_EDU,SUB_SCHOLARSHIP_CELL,WF_SCHOLARSHIP_LIFECYCLE
apply for reimbursement and engineering,POST_MATRIC_SCHOLARSHIP,DEPT_HIGHER_EDU,SUB_SCHOLARSHIP_CELL,WF_SCHOLARSHIP_LIFECYCLE
application form for btech 2nd year in Hyderabad,POST_MATRIC_SCHOLARSHIP,DEPT_HIGHER_EDU,SUB_SCHOLARSHIP_CELL,WF_SCHOLARSHIP_LIFECYCLE
Kindly sanction tuition fee for eligible applicant,POST_MATRIC_SCHOLARSHIP,DEPT_HIGHER_EDU,SUB_SCHOLARSHIP_CELL,WF_SCHOLARSHIP_LIFECYCLE
Family annual income is low need aishe benefit,POST_MATRIC_SCHOLARSHIP,DEPT_HIGHER_EDU,SUB_SCHOLARSHIP_CELL,WF_SCHOLARSHIP_LIFECYCLE
We are residing in Medchal and applying for tuition fee,POST_MATRIC_SCHOLARSHIP,DEPT_HIGHER_EDU,SUB_SCHOLARSHIP_CELL,WF_SCHOLARSHIP_LIFECYCLE
Kindly verify my details and approve degree,POST_MATRIC_SCHOLARSHIP,DEPT_HIGHER_EDU,SUB_SCHOLARSHIP_CELL,WF_SCHOLARSHIP_LIFECYCLE
apply for engineering and mba,POST_MATRIC_SCHOLARSHIP,DEPT_HIGHER_EDU,SUB_SCHOLARSHIP_CELL,WF_SCHOLARSHIP_LIFECYCLE
apply for maintenance allowance and reimbursement,POST_MATRIC_SCHOLARSHIP,DEPT_HIGHER_EDU,SUB_SCHOLARSHIP_CELL,WF_SCHOLARSHIP_LIFECYCLE
apply for college fees and reimbursement,POST_MATRIC_SCHOLARSHIP,DEPT_HIGHER_EDU,SUB_SCHOLARSHIP_CELL,WF_SCHOLARSHIP_LIFECYCLE
I want to apply for scholarship in Warangal,POST_MATRIC_SCHOLARSHIP,DEPT_HIGHER_EDU,SUB_SCHOLARSHIP_CELL,WF_SCHOLARSHIP_LIFECYCLE
apply for marks memo and college fees,POST_MATRIC_SCHOLARSHIP,DEPT_HIGHER_EDU,SUB_SCHOLARSHIP_CELL,WF_SCHOLARSHIP_LIFECYCLE
apply for degree and higher education grant,POST_MATRIC_SCHOLARSHIP,DEPT_HIGHER_EDU,SUB_SCHOLARSHIP_CELL,WF_SCHOLARSHIP_LIFECYCLE
apply for mba and bonafide,POST_MATRIC_SCHOLARSHIP,DEPT_HIGHER_EDU,SUB_SCHOLARSHIP_CELL,WF_SCHOLARSHIP_LIFECYCLE
apply for reimbursement and exam fee waiver,POST_MATRIC_SCHOLARSHIP,DEPT_HIGHER_EDU,SUB_SCHOLARSHIP_CELL,WF_SCHOLARSHIP_LIFECYCLE
Uploaded documents for degree verification,POST_MATRIC_SCHOLARSHIP,DEPT_HIGHER_EDU,SUB_SCHOLARSHIP_CELL,WF_SCHOLARSHIP_LIFECYCLE
We are residing in Karimnagar and applying for bonafide,POST_MATRIC_SCHOLARSHIP,DEPT_HIGHER_EDU,SUB_SCHOLARSHIP_CELL,WF_SCHOLARSHIP_LIFECYCLE
We are residing in Hyderabad and applying for college fees,POST_MATRIC_SCHOLARSHIP,DEPT_HIGHER_EDU,SUB_SCHOLARSHIP_CELL,WF_SCHOLARSHIP_LIFECYCLE
Uploaded documents for scholarship verification,POST_MATRIC_SCHOLARSHIP,DEPT_HIGHER_EDU,SUB_SCHOLARSHIP_CELL,WF_SCHOLARSHIP_LIFECYCLE
Application for mba under government rules,POST_MATRIC_SCHOLARSHIP,DEPT_HIGHER_EDU,SUB_SCHOLARSHIP_CELL,WF_SCHOLARSHIP_LIFECYCLE
apply for bonafide and engineering,POST_MATRIC_SCHOLARSHIP,DEPT_HIGHER_EDU,SUB_SCHOLARSHIP_CELL,WF_SCHOLARSHIP_LIFECYCLE
apply for exam fee waiver and bonafide,POST_MATRIC_SCHOLARSHIP,DEPT_HIGHER_EDU,SUB_SCHOLARSHIP_CELL,WF_SCHOLARSHIP_LIFECYCLE
apply for aishe and polytechnic,POST_MATRIC_SCHOLARSHIP,DEPT_HIGHER_EDU,SUB_SCHOLARSHIP_CELL,WF_SCHOLARSHIP_LIFECYCLE
URGENT: Requesting immediate approval for reimbursement,POST_MATRIC_SCHOLARSHIP,DEPT_HIGHER_EDU,SUB_SCHOLARSHIP_CELL,WF_SCHOLARSHIP_LIFECYCLE
apply for exam fee waiver and mba,POST_MATRIC_SCHOLARSHIP,DEPT_HIGHER_EDU,SUB_SCHOLARSHIP_CELL,WF_SCHOLARSHIP_LIFECYCLE
Need financial help and polytechnic as soon as possible,POST_MATRIC_SCHOLARSHIP,DEPT_HIGHER_EDU,SUB_SCHOLARSHIP_CELL,WF_SCHOLARSHIP_LIFECYCLE
I want to apply for nsp in Rangareddy,POST_MATRIC_SCHOLARSHIP,DEPT_HIGHER_EDU,SUB_SCHOLARSHIP_CELL,WF_SCHOLARSHIP_LIFECYCLE
urgent need of btech for poor family,POST_MATRIC_SCHOLARSHIP,DEPT_HIGHER_EDU,SUB_SCHOLARSHIP_CELL,WF_SCHOLARSHIP_LIFECYCLE
apply for btech and marks memo,POST_MATRIC_SCHOLARSHIP,DEPT_HIGHER_EDU,SUB_SCHOLARSHIP_CELL,WF_SCHOLARSHIP_LIFECYCLE
i am eligible for marks memo uploaded all proofs,POST_MATRIC_SCHOLARSHIP,DEPT_HIGHER_EDU,SUB_SCHOLARSHIP_CELL,WF_SCHOLARSHIP_LIFECYCLE
apply for reimbursement and mba,POST_MATRIC_SCHOLARSHIP,DEPT_HIGHER_EDU,SUB_SCHOLARSHIP_CELL,WF_SCHOLARSHIP_LIFECYCLE
Need financial help and reimbursement as soon as possible,POST_MATRIC_SCHOLARSHIP,DEPT_HIGHER_EDU,SUB_SCHOLARSHIP_CELL,WF_SCHOLARSHIP_LIFECYCLE
apply for engineering and college fees,POST_MATRIC_SCHOLARSHIP,DEPT_HIGHER_EDU,SUB_SCHOLARSHIP_CELL,WF_SCHOLARSHIP_LIFECYCLE
We are residing in Medchal and applying for reimbursement,POST_MATRIC_SCHOLARSHIP,DEPT_HIGHER_EDU,SUB_SCHOLARSHIP_CELL,WF_SCHOLARSHIP_LIFECYCLE
apply for hostel allowance and btech,POST_MATRIC_SCHOLARSHIP,DEPT_HIGHER_EDU,SUB_SCHOLARSHIP_CELL,WF_SCHOLARSHIP_LIFECYCLE
apply for fee concession and engineering,POST_MATRIC_SCHOLARSHIP,DEPT_HIGHER_EDU,SUB_SCHOLARSHIP_CELL,WF_SCHOLARSHIP_LIFECYCLE
apply for maintenance allowance and nsp,POST_MATRIC_SCHOLARSHIP,DEPT_HIGHER_EDU,SUB_SCHOLARSHIP_CELL,WF_SCHOLARSHIP_LIFECYCLE
Can I get degree support for this year,POST_MATRIC_SCHOLARSHIP,DEPT_HIGHER_EDU,SUB_SCHOLARSHIP_CELL,WF_SCHOLARSHIP_LIFECYCLE
Online registration for maintenance allowance on state portal,POST_MATRIC_SCHOLARSHIP,DEPT_HIGHER_EDU,SUB_SCHOLARSHIP_CELL,WF_SCHOLARSHIP_LIFECYCLE
apply for scholarship and degree,POST_MATRIC_SCHOLARSHIP,DEPT_HIGHER_EDU,SUB_SCHOLARSHIP_CELL,WF_SCHOLARSHIP_LIFECYCLE
Looking for government portal to apply merit means,POST_MATRIC_SCHOLARSHIP,DEPT_HIGHER_EDU,SUB_SCHOLARSHIP_CELL,WF_SCHOLARSHIP_LIFECYCLE
Need official assistance regarding scholarship application,POST_MATRIC_SCHOLARSHIP,DEPT_HIGHER_EDU,SUB_SCHOLARSHIP_CELL,WF_SCHOLARSHIP_LIFECYCLE
apply for mba and exam fee waiver,POST_MATRIC_SCHOLARSHIP,DEPT_HIGHER_EDU,SUB_SCHOLARSHIP_CELL,WF_SCHOLARSHIP_LIFECYCLE
Online registration for tuition fee on state portal,POST_MATRIC_SCHOLARSHIP,DEPT_HIGHER_EDU,SUB_SCHOLARSHIP_CELL,WF_SCHOLARSHIP_LIFECYCLE
Submission of required proofs for btech,POST_MATRIC_SCHOLARSHIP,DEPT_HIGHER_EDU,SUB_SCHOLARSHIP_CELL,WF_SCHOLARSHIP_LIFECYCLE
We are residing in Warangal and applying for student stipend,POST_MATRIC_SCHOLARSHIP,DEPT_HIGHER_EDU,SUB_SCHOLARSHIP_CELL,WF_SCHOLARSHIP_LIFECYCLE
All my eligibility documents are ready for nsp,POST_MATRIC_SCHOLARSHIP,DEPT_HIGHER_EDU,SUB_SCHOLARSHIP_CELL,WF_SCHOLARSHIP_LIFECYCLE
apply for aishe and degree,POST_MATRIC_SCHOLARSHIP,DEPT_HIGHER_EDU,SUB_SCHOLARSHIP_CELL,WF_SCHOLARSHIP_LIFECYCLE
apply for maintenance allowance and aishe,POST_MATRIC_SCHOLARSHIP,DEPT_HIGHER_EDU,SUB_SCHOLARSHIP_CELL,WF_SCHOLARSHIP_LIFECYCLE
apply for exam fee waiver and aishe,POST_MATRIC_SCHOLARSHIP,DEPT_HIGHER_EDU,SUB_SCHOLARSHIP_CELL,WF_SCHOLARSHIP_LIFECYCLE
Respected sir kindly grant degree for our family,POST_MATRIC_SCHOLARSHIP,DEPT_HIGHER_EDU,SUB_SCHOLARSHIP_CELL,WF_SCHOLARSHIP_LIFECYCLE
We are residing in Hyderabad and applying for scholarship,POST_MATRIC_SCHOLARSHIP,DEPT_HIGHER_EDU,SUB_SCHOLARSHIP_CELL,WF_SCHOLARSHIP_LIFECYCLE
apply for marks memo and student stipend,POST_MATRIC_SCHOLARSHIP,DEPT_HIGHER_EDU,SUB_SCHOLARSHIP_CELL,WF_SCHOLARSHIP_LIFECYCLE
apply for exam fee waiver and btech,POST_MATRIC_SCHOLARSHIP,DEPT_HIGHER_EDU,SUB_SCHOLARSHIP_CELL,WF_SCHOLARSHIP_LIFECYCLE
how to register marks memo online without fee,POST_MATRIC_SCHOLARSHIP,DEPT_HIGHER_EDU,SUB_SCHOLARSHIP_CELL,WF_SCHOLARSHIP_LIFECYCLE
I want to apply for maintenance allowance in Hyderabad,POST_MATRIC_SCHOLARSHIP,DEPT_HIGHER_EDU,SUB_SCHOLARSHIP_CELL,WF_SCHOLARSHIP_LIFECYCLE
Online registration for higher education grant on state portal,POST_MATRIC_SCHOLARSHIP,DEPT_HIGHER_EDU,SUB_SCHOLARSHIP_CELL,WF_SCHOLARSHIP_LIFECYCLE
apply for polytechnic and merit means,POST_MATRIC_SCHOLARSHIP,DEPT_HIGHER_EDU,SUB_SCHOLARSHIP_CELL,WF_SCHOLARSHIP_LIFECYCLE
apply for aishe and marks memo,POST_MATRIC_SCHOLARSHIP,DEPT_HIGHER_EDU,SUB_SCHOLARSHIP_CELL,WF_SCHOLARSHIP_LIFECYCLE
Kindly verify my details and approve polytechnic,POST_MATRIC_SCHOLARSHIP,DEPT_HIGHER_EDU,SUB_SCHOLARSHIP_CELL,WF_SCHOLARSHIP_LIFECYCLE
We are residing in Medchal and applying for marks memo,POST_MATRIC_SCHOLARSHIP,DEPT_HIGHER_EDU,SUB_SCHOLARSHIP_CELL,WF_SCHOLARSHIP_LIFECYCLE
apply for degree and fee concession,POST_MATRIC_SCHOLARSHIP,DEPT_HIGHER_EDU,SUB_SCHOLARSHIP_CELL,WF_SCHOLARSHIP_LIFECYCLE
apply for post matric and engineering,POST_MATRIC_SCHOLARSHIP,DEPT_HIGHER_EDU,SUB_SCHOLARSHIP_CELL,WF_SCHOLARSHIP_LIFECYCLE
apply for reimbursement and polytechnic,POST_MATRIC_SCHOLARSHIP,DEPT_HIGHER_EDU,SUB_SCHOLARSHIP_CELL,WF_SCHOLARSHIP_LIFECYCLE
Kindly sanction college fees for eligible applicant,POST_MATRIC_SCHOLARSHIP,DEPT_HIGHER_EDU,SUB_SCHOLARSHIP_CELL,WF_SCHOLARSHIP_LIFECYCLE
apply for hostel allowance and hostel allowance,POST_MATRIC_SCHOLARSHIP,DEPT_HIGHER_EDU,SUB_SCHOLARSHIP_CELL,WF_SCHOLARSHIP_LIFECYCLE
apply for merit means and student stipend,POST_MATRIC_SCHOLARSHIP,DEPT_HIGHER_EDU,SUB_SCHOLARSHIP_CELL,WF_SCHOLARSHIP_LIFECYCLE
apply for college fees and college fees,POST_MATRIC_SCHOLARSHIP,DEPT_HIGHER_EDU,SUB_SCHOLARSHIP_CELL,WF_SCHOLARSHIP_LIFECYCLE
All my eligibility documents are ready for tuition fee,POST_MATRIC_SCHOLARSHIP,DEPT_HIGHER_EDU,SUB_SCHOLARSHIP_CELL,WF_SCHOLARSHIP_LIFECYCLE
My engineering request is pending for approval please check,POST_MATRIC_SCHOLARSHIP,DEPT_HIGHER_EDU,SUB_SCHOLARSHIP_CELL,WF_SCHOLARSHIP_LIFECYCLE
Kindly sanction post matric for eligible applicant,POST_MATRIC_SCHOLARSHIP,DEPT_HIGHER_EDU,SUB_SCHOLARSHIP_CELL,WF_SCHOLARSHIP_LIFECYCLE
Looking for government portal to apply hostel allowance,POST_MATRIC_SCHOLARSHIP,DEPT_HIGHER_EDU,SUB_SCHOLARSHIP_CELL,WF_SCHOLARSHIP_LIFECYCLE
apply for mba and maintenance allowance,POST_MATRIC_SCHOLARSHIP,DEPT_HIGHER_EDU,SUB_SCHOLARSHIP_CELL,WF_SCHOLARSHIP_LIFECYCLE
Can I get maintenance allowance support for this year,POST_MATRIC_SCHOLARSHIP,DEPT_HIGHER_EDU,SUB_SCHOLARSHIP_CELL,WF_SCHOLARSHIP_LIFECYCLE
Looking for government portal to apply btech 2nd year,POST_MATRIC_SCHOLARSHIP,DEPT_HIGHER_EDU,SUB_SCHOLARSHIP_CELL,WF_SCHOLARSHIP_LIFECYCLE
I want to apply for hostel allowance in Rangareddy,POST_MATRIC_SCHOLARSHIP,DEPT_HIGHER_EDU,SUB_SCHOLARSHIP_CELL,WF_SCHOLARSHIP_LIFECYCLE
urgent need of degree for poor family,POST_MATRIC_SCHOLARSHIP,DEPT_HIGHER_EDU,SUB_SCHOLARSHIP_CELL,WF_SCHOLARSHIP_LIFECYCLE
respected officer please approve higher education grant,POST_MATRIC_SCHOLARSHIP,DEPT_HIGHER_EDU,SUB_SCHOLARSHIP_CELL,WF_SCHOLARSHIP_LIFECYCLE
apply for fee concession and aishe,POST_MATRIC_SCHOLARSHIP,DEPT_HIGHER_EDU,SUB_SCHOLARSHIP_CELL,WF_SCHOLARSHIP_LIFECYCLE
i am eligible for aishe uploaded all proofs,POST_MATRIC_SCHOLARSHIP,DEPT_HIGHER_EDU,SUB_SCHOLARSHIP_CELL,WF_SCHOLARSHIP_LIFECYCLE
apply for degree and exam fee waiver,POST_MATRIC_SCHOLARSHIP,DEPT_HIGHER_EDU,SUB_SCHOLARSHIP_CELL,WF_SCHOLARSHIP_LIFECYCLE
All my eligibility documents are ready for college fees,POST_MATRIC_SCHOLARSHIP,DEPT_HIGHER_EDU,SUB_SCHOLARSHIP_CELL,WF_SCHOLARSHIP_LIFECYCLE
apply for engineering and marks memo,POST_MATRIC_SCHOLARSHIP,DEPT_HIGHER_EDU,SUB_SCHOLARSHIP_CELL,WF_SCHOLARSHIP_LIFECYCLE
apply for fee concession and polytechnic,POST_MATRIC_SCHOLARSHIP,DEPT_HIGHER_EDU,SUB_SCHOLARSHIP_CELL,WF_SCHOLARSHIP_LIFECYCLE
Please process my degree application urgently,POST_MATRIC_SCHOLARSHIP,DEPT_HIGHER_EDU,SUB_SCHOLARSHIP_CELL,WF_SCHOLARSHIP_LIFECYCLE
Looking for government portal to apply mba,POST_MATRIC_SCHOLARSHIP,DEPT_HIGHER_EDU,SUB_SCHOLARSHIP_CELL,WF_SCHOLARSHIP_LIFECYCLE
Need financial help and exam fee waiver as soon as possible,POST_MATRIC_SCHOLARSHIP,DEPT_HIGHER_EDU,SUB_SCHOLARSHIP_CELL,WF_SCHOLARSHIP_LIFECYCLE
i am eligible for reimbursement uploaded all proofs,POST_MATRIC_SCHOLARSHIP,DEPT_HIGHER_EDU,SUB_SCHOLARSHIP_CELL,WF_SCHOLARSHIP_LIFECYCLE
I want to apply for polytechnic in Medchal,POST_MATRIC_SCHOLARSHIP,DEPT_HIGHER_EDU,SUB_SCHOLARSHIP_CELL,WF_SCHOLARSHIP_LIFECYCLE
government scheme engineering for welfare,POST_MATRIC_SCHOLARSHIP,DEPT_HIGHER_EDU,SUB_SCHOLARSHIP_CELL,WF_SCHOLARSHIP_LIFECYCLE
apply for btech 2nd year and reimbursement,POST_MATRIC_SCHOLARSHIP,DEPT_HIGHER_EDU,SUB_SCHOLARSHIP_CELL,WF_SCHOLARSHIP_LIFECYCLE
apply for aishe and btech,POST_MATRIC_SCHOLARSHIP,DEPT_HIGHER_EDU,SUB_SCHOLARSHIP_CELL,WF_SCHOLARSHIP_LIFECYCLE
I want to apply for merit means in Hyderabad,POST_MATRIC_SCHOLARSHIP,DEPT_HIGHER_EDU,SUB_SCHOLARSHIP_CELL,WF_SCHOLARSHIP_LIFECYCLE
My marks memo request is pending for approval please check,POST_MATRIC_SCHOLARSHIP,DEPT_HIGHER_EDU,SUB_SCHOLARSHIP_CELL,WF_SCHOLARSHIP_LIFECYCLE
apply for nsp and bonafide,POST_MATRIC_SCHOLARSHIP,DEPT_HIGHER_EDU,SUB_SCHOLARSHIP_CELL,WF_SCHOLARSHIP_LIFECYCLE
I want to apply for marks memo in Hyderabad,POST_MATRIC_SCHOLARSHIP,DEPT_HIGHER_EDU,SUB_SCHOLARSHIP_CELL,WF_SCHOLARSHIP_LIFECYCLE
apply for hostel allowance and college fees,POST_MATRIC_SCHOLARSHIP,DEPT_HIGHER_EDU,SUB_SCHOLARSHIP_CELL,WF_SCHOLARSHIP_LIFECYCLE
apply for engineering and higher education grant,POST_MATRIC_SCHOLARSHIP,DEPT_HIGHER_EDU,SUB_SCHOLARSHIP_CELL,WF_SCHOLARSHIP_LIFECYCLE
Hello officer please guide me for marks memo,POST_MATRIC_SCHOLARSHIP,DEPT_HIGHER_EDU,SUB_SCHOLARSHIP_CELL,WF_SCHOLARSHIP_LIFECYCLE
We are residing in Hyderabad and applying for btech,POST_MATRIC_SCHOLARSHIP,DEPT_HIGHER_EDU,SUB_SCHOLARSHIP_CELL,WF_SCHOLARSHIP_LIFECYCLE
Please process my college fees application urgently,POST_MATRIC_SCHOLARSHIP,DEPT_HIGHER_EDU,SUB_SCHOLARSHIP_CELL,WF_SCHOLARSHIP_LIFECYCLE
apply for higher education grant and higher education grant,POST_MATRIC_SCHOLARSHIP,DEPT_HIGHER_EDU,SUB_SCHOLARSHIP_CELL,WF_SCHOLARSHIP_LIFECYCLE
We are residing in Medchal and applying for hostel allowance,POST_MATRIC_SCHOLARSHIP,DEPT_HIGHER_EDU,SUB_SCHOLARSHIP_CELL,WF_SCHOLARSHIP_LIFECYCLE
apply for post matric and merit means,POST_MATRIC_SCHOLARSHIP,DEPT_HIGHER_EDU,SUB_SCHOLARSHIP_CELL,WF_SCHOLARSHIP_LIFECYCLE
Respected sir kindly grant hostel allowance for our family,POST_MATRIC_SCHOLARSHIP,DEPT_HIGHER_EDU,SUB_SCHOLARSHIP_CELL,WF_SCHOLARSHIP_LIFECYCLE
All my eligibility documents are ready for reimbursement,POST_MATRIC_SCHOLARSHIP,DEPT_HIGHER_EDU,SUB_SCHOLARSHIP_CELL,WF_SCHOLARSHIP_LIFECYCLE
apply for btech and exam fee waiver,POST_MATRIC_SCHOLARSHIP,DEPT_HIGHER_EDU,SUB_SCHOLARSHIP_CELL,WF_SCHOLARSHIP_LIFECYCLE
apply for marks memo and btech,POST_MATRIC_SCHOLARSHIP,DEPT_HIGHER_EDU,SUB_SCHOLARSHIP_CELL,WF_SCHOLARSHIP_LIFECYCLE
Need official assistance regarding maintenance allowance application,POST_MATRIC_SCHOLARSHIP,DEPT_HIGHER_EDU,SUB_SCHOLARSHIP_CELL,WF_SCHOLARSHIP_LIFECYCLE
urgent need of post matric for poor family,POST_MATRIC_SCHOLARSHIP,DEPT_HIGHER_EDU,SUB_SCHOLARSHIP_CELL,WF_SCHOLARSHIP_LIFECYCLE
Family annual income is low need bonafide benefit,POST_MATRIC_SCHOLARSHIP,DEPT_HIGHER_EDU,SUB_SCHOLARSHIP_CELL,WF_SCHOLARSHIP_LIFECYCLE
We are residing in Karimnagar and applying for fee concession,POST_MATRIC_SCHOLARSHIP,DEPT_HIGHER_EDU,SUB_SCHOLARSHIP_CELL,WF_SCHOLARSHIP_LIFECYCLE
Can I get marks memo support for this year,POST_MATRIC_SCHOLARSHIP,DEPT_HIGHER_EDU,SUB_SCHOLARSHIP_CELL,WF_SCHOLARSHIP_LIFECYCLE
apply for mba and tuition fee,POST_MATRIC_SCHOLARSHIP,DEPT_HIGHER_EDU,SUB_SCHOLARSHIP_CELL,WF_SCHOLARSHIP_LIFECYCLE
i am eligible for tuition fee uploaded all proofs,POST_MATRIC_SCHOLARSHIP,DEPT_HIGHER_EDU,SUB_SCHOLARSHIP_CELL,WF_SCHOLARSHIP_LIFECYCLE
apply for aishe and higher education grant,POST_MATRIC_SCHOLARSHIP,DEPT_HIGHER_EDU,SUB_SCHOLARSHIP_CELL,WF_SCHOLARSHIP_LIFECYCLE
apply for engineering and aishe,POST_MATRIC_SCHOLARSHIP,DEPT_HIGHER_EDU,SUB_SCHOLARSHIP_CELL,WF_SCHOLARSHIP_LIFECYCLE
government scheme college fees for welfare,POST_MATRIC_SCHOLARSHIP,DEPT_HIGHER_EDU,SUB_SCHOLARSHIP_CELL,WF_SCHOLARSHIP_LIFECYCLE
Application for hostel allowance under government rules,POST_MATRIC_SCHOLARSHIP,DEPT_HIGHER_EDU,SUB_SCHOLARSHIP_CELL,WF_SCHOLARSHIP_LIFECYCLE
apply for scholarship and tuition fee,POST_MATRIC_SCHOLARSHIP,DEPT_HIGHER_EDU,SUB_SCHOLARSHIP_CELL,WF_SCHOLARSHIP_LIFECYCLE
how to register tuition fee online without fee,POST_MATRIC_SCHOLARSHIP,DEPT_HIGHER_EDU,SUB_SCHOLARSHIP_CELL,WF_SCHOLARSHIP_LIFECYCLE
My student stipend request is pending for approval please check,POST_MATRIC_SCHOLARSHIP,DEPT_HIGHER_EDU,SUB_SCHOLARSHIP_CELL,WF_SCHOLARSHIP_LIFECYCLE
apply for tuition fee and tuition fee,POST_MATRIC_SCHOLARSHIP,DEPT_HIGHER_EDU,SUB_SCHOLARSHIP_CELL,WF_SCHOLARSHIP_LIFECYCLE
apply for marks memo and engineering,POST_MATRIC_SCHOLARSHIP,DEPT_HIGHER_EDU,SUB_SCHOLARSHIP_CELL,WF_SCHOLARSHIP_LIFECYCLE
How to apply online for maintenance allowance on official portal,POST_MATRIC_SCHOLARSHIP,DEPT_HIGHER_EDU,SUB_SCHOLARSHIP_CELL,WF_SCHOLARSHIP_LIFECYCLE
Family annual income is low need nsp benefit,POST_MATRIC_SCHOLARSHIP,DEPT_HIGHER_EDU,SUB_SCHOLARSHIP_CELL,WF_SCHOLARSHIP_LIFECYCLE
All my eligibility documents are ready for maintenance allowance,POST_MATRIC_SCHOLARSHIP,DEPT_HIGHER_EDU,SUB_SCHOLARSHIP_CELL,WF_SCHOLARSHIP_LIFECYCLE
apply for bonafide and marks memo,POST_MATRIC_SCHOLARSHIP,DEPT_HIGHER_EDU,SUB_SCHOLARSHIP_CELL,WF_SCHOLARSHIP_LIFECYCLE
apply for nsp and reimbursement,POST_MATRIC_SCHOLARSHIP,DEPT_HIGHER_EDU,SUB_SCHOLARSHIP_CELL,WF_SCHOLARSHIP_LIFECYCLE
Kindly sanction scholarship for eligible applicant,POST_MATRIC_SCHOLARSHIP,DEPT_HIGHER_EDU,SUB_SCHOLARSHIP_CELL,WF_SCHOLARSHIP_LIFECYCLE
I want to apply for marks memo in Rangareddy,POST_MATRIC_SCHOLARSHIP,DEPT_HIGHER_EDU,SUB_SCHOLARSHIP_CELL,WF_SCHOLARSHIP_LIFECYCLE
Uploaded documents for student stipend verification,POST_MATRIC_SCHOLARSHIP,DEPT_HIGHER_EDU,SUB_SCHOLARSHIP_CELL,WF_SCHOLARSHIP_LIFECYCLE
apply for degree and bonafide,POST_MATRIC_SCHOLARSHIP,DEPT_HIGHER_EDU,SUB_SCHOLARSHIP_CELL,WF_SCHOLARSHIP_LIFECYCLE
apply for mba and btech,POST_MATRIC_SCHOLARSHIP,DEPT_HIGHER_EDU,SUB_SCHOLARSHIP_CELL,WF_SCHOLARSHIP_LIFECYCLE
how to register aishe online without fee,POST_MATRIC_SCHOLARSHIP,DEPT_HIGHER_EDU,SUB_SCHOLARSHIP_CELL,WF_SCHOLARSHIP_LIFECYCLE
Kindly verify my details and approve mba,POST_MATRIC_SCHOLARSHIP,DEPT_HIGHER_EDU,SUB_SCHOLARSHIP_CELL,WF_SCHOLARSHIP_LIFECYCLE
URGENT: Requesting immediate approval for bonafide,POST_MATRIC_SCHOLARSHIP,DEPT_HIGHER_EDU,SUB_SCHOLARSHIP_CELL,WF_SCHOLARSHIP_LIFECYCLE
Kindly verify my details and approve marks memo,POST_MATRIC_SCHOLARSHIP,DEPT_HIGHER_EDU,SUB_SCHOLARSHIP_CELL,WF_SCHOLARSHIP_LIFECYCLE
apply for tuition fee and mba,POST_MATRIC_SCHOLARSHIP,DEPT_HIGHER_EDU,SUB_SCHOLARSHIP_CELL,WF_SCHOLARSHIP_LIFECYCLE
apply for student stipend and scholarship,POST_MATRIC_SCHOLARSHIP,DEPT_HIGHER_EDU,SUB_SCHOLARSHIP_CELL,WF_SCHOLARSHIP_LIFECYCLE
how to register maintenance allowance online without fee,POST_MATRIC_SCHOLARSHIP,DEPT_HIGHER_EDU,SUB_SCHOLARSHIP_CELL,WF_SCHOLARSHIP_LIFECYCLE
apply for merit means and tuition fee,POST_MATRIC_SCHOLARSHIP,DEPT_HIGHER_EDU,SUB_SCHOLARSHIP_CELL,WF_SCHOLARSHIP_LIFECYCLE
apply for college fees and btech 2nd year,POST_MATRIC_SCHOLARSHIP,DEPT_HIGHER_EDU,SUB_SCHOLARSHIP_CELL,WF_SCHOLARSHIP_LIFECYCLE
URGENT: Requesting immediate approval for tuition fee,POST_MATRIC_SCHOLARSHIP,DEPT_HIGHER_EDU,SUB_SCHOLARSHIP_CELL,WF_SCHOLARSHIP_LIFECYCLE
I want to apply for btech in Karimnagar,POST_MATRIC_SCHOLARSHIP,DEPT_HIGHER_EDU,SUB_SCHOLARSHIP_CELL,WF_SCHOLARSHIP_LIFECYCLE
We are residing in Hyderabad and applying for higher education grant,POST_MATRIC_SCHOLARSHIP,DEPT_HIGHER_EDU,SUB_SCHOLARSHIP_CELL,WF_SCHOLARSHIP_LIFECYCLE
apply for engineering and hostel allowance,POST_MATRIC_SCHOLARSHIP,DEPT_HIGHER_EDU,SUB_SCHOLARSHIP_CELL,WF_SCHOLARSHIP_LIFECYCLE
application form for marks memo in Hyderabad,POST_MATRIC_SCHOLARSHIP,DEPT_HIGHER_EDU,SUB_SCHOLARSHIP_CELL,WF_SCHOLARSHIP_LIFECYCLE
apply for hostel allowance and merit means,POST_MATRIC_SCHOLARSHIP,DEPT_HIGHER_EDU,SUB_SCHOLARSHIP_CELL,WF_SCHOLARSHIP_LIFECYCLE
application form for nsp in Hyderabad,POST_MATRIC_SCHOLARSHIP,DEPT_HIGHER_EDU,SUB_SCHOLARSHIP_CELL,WF_SCHOLARSHIP_LIFECYCLE
We are residing in Hyderabad and applying for polytechnic,POST_MATRIC_SCHOLARSHIP,DEPT_HIGHER_EDU,SUB_SCHOLARSHIP_CELL,WF_SCHOLARSHIP_LIFECYCLE
Family annual income is low need tuition fee benefit,POST_MATRIC_SCHOLARSHIP,DEPT_HIGHER_EDU,SUB_SCHOLARSHIP_CELL,WF_SCHOLARSHIP_LIFECYCLE
apply for college fees and engineering,POST_MATRIC_SCHOLARSHIP,DEPT_HIGHER_EDU,SUB_SCHOLARSHIP_CELL,WF_SCHOLARSHIP_LIFECYCLE
apply for polytechnic and btech,POST_MATRIC_SCHOLARSHIP,DEPT_HIGHER_EDU,SUB_SCHOLARSHIP_CELL,WF_SCHOLARSHIP_LIFECYCLE
All my eligibility documents are ready for post matric,POST_MATRIC_SCHOLARSHIP,DEPT_HIGHER_EDU,SUB_SCHOLARSHIP_CELL,WF_SCHOLARSHIP_LIFECYCLE
Application for marks memo under government rules,POST_MATRIC_SCHOLARSHIP,DEPT_HIGHER_EDU,SUB_SCHOLARSHIP_CELL,WF_SCHOLARSHIP_LIFECYCLE
my btech 2nd year was submitted kindly do the needful,POST_MATRIC_SCHOLARSHIP,DEPT_HIGHER_EDU,SUB_SCHOLARSHIP_CELL,WF_SCHOLARSHIP_LIFECYCLE
I want to apply for college fees in Karimnagar,POST_MATRIC_SCHOLARSHIP,DEPT_HIGHER_EDU,SUB_SCHOLARSHIP_CELL,WF_SCHOLARSHIP_LIFECYCLE
Looking for government portal to apply fee concession,POST_MATRIC_SCHOLARSHIP,DEPT_HIGHER_EDU,SUB_SCHOLARSHIP_CELL,WF_SCHOLARSHIP_LIFECYCLE
my post matric was submitted kindly do the needful,POST_MATRIC_SCHOLARSHIP,DEPT_HIGHER_EDU,SUB_SCHOLARSHIP_CELL,WF_SCHOLARSHIP_LIFECYCLE
apply for hostel allowance and polytechnic,POST_MATRIC_SCHOLARSHIP,DEPT_HIGHER_EDU,SUB_SCHOLARSHIP_CELL,WF_SCHOLARSHIP_LIFECYCLE
respected officer please approve exam fee waiver,POST_MATRIC_SCHOLARSHIP,DEPT_HIGHER_EDU,SUB_SCHOLARSHIP_CELL,WF_SCHOLARSHIP_LIFECYCLE
government scheme higher education grant for welfare,POST_MATRIC_SCHOLARSHIP,DEPT_HIGHER_EDU,SUB_SCHOLARSHIP_CELL,WF_SCHOLARSHIP_LIFECYCLE
apply for nsp and merit means,POST_MATRIC_SCHOLARSHIP,DEPT_HIGHER_EDU,SUB_SCHOLARSHIP_CELL,WF_SCHOLARSHIP_LIFECYCLE
apply for exam fee waiver and nsp,POST_MATRIC_SCHOLARSHIP,DEPT_HIGHER_EDU,SUB_SCHOLARSHIP_CELL,WF_SCHOLARSHIP_LIFECYCLE
apply for btech and engineering,POST_MATRIC_SCHOLARSHIP,DEPT_HIGHER_EDU,SUB_SCHOLARSHIP_CELL,WF_SCHOLARSHIP_LIFECYCLE
apply for exam fee waiver and polytechnic,POST_MATRIC_SCHOLARSHIP,DEPT_HIGHER_EDU,SUB_SCHOLARSHIP_CELL,WF_SCHOLARSHIP_LIFECYCLE
apply for merit means and post matric,POST_MATRIC_SCHOLARSHIP,DEPT_HIGHER_EDU,SUB_SCHOLARSHIP_CELL,WF_SCHOLARSHIP_LIFECYCLE
apply for reimbursement and maintenance allowance,POST_MATRIC_SCHOLARSHIP,DEPT_HIGHER_EDU,SUB_SCHOLARSHIP_CELL,WF_SCHOLARSHIP_LIFECYCLE
apply for bonafide and reimbursement,POST_MATRIC_SCHOLARSHIP,DEPT_HIGHER_EDU,SUB_SCHOLARSHIP_CELL,WF_SCHOLARSHIP_LIFECYCLE
I want to apply for polytechnic in Hyderabad,POST_MATRIC_SCHOLARSHIP,DEPT_HIGHER_EDU,SUB_SCHOLARSHIP_CELL,WF_SCHOLARSHIP_LIFECYCLE
apply for post matric and higher education grant,POST_MATRIC_SCHOLARSHIP,DEPT_HIGHER_EDU,SUB_SCHOLARSHIP_CELL,WF_SCHOLARSHIP_LIFECYCLE
apply for hostel allowance and post matric,POST_MATRIC_SCHOLARSHIP,DEPT_HIGHER_EDU,SUB_SCHOLARSHIP_CELL,WF_SCHOLARSHIP_LIFECYCLE
Looking for government portal to apply aishe,POST_MATRIC_SCHOLARSHIP,DEPT_HIGHER_EDU,SUB_SCHOLARSHIP_CELL,WF_SCHOLARSHIP_LIFECYCLE
I want to apply for post matric in Rangareddy,POST_MATRIC_SCHOLARSHIP,DEPT_HIGHER_EDU,SUB_SCHOLARSHIP_CELL,WF_SCHOLARSHIP_LIFECYCLE
Respected sir kindly grant polytechnic for our family,POST_MATRIC_SCHOLARSHIP,DEPT_HIGHER_EDU,SUB_SCHOLARSHIP_CELL,WF_SCHOLARSHIP_LIFECYCLE
Can I get mba support for this year,POST_MATRIC_SCHOLARSHIP,DEPT_HIGHER_EDU,SUB_SCHOLARSHIP_CELL,WF_SCHOLARSHIP_LIFECYCLE
apply for fee concession and tuition fee,POST_MATRIC_SCHOLARSHIP,DEPT_HIGHER_EDU,SUB_SCHOLARSHIP_CELL,WF_SCHOLARSHIP_LIFECYCLE
apply for hostel allowance and reimbursement,POST_MATRIC_SCHOLARSHIP,DEPT_HIGHER_EDU,SUB_SCHOLARSHIP_CELL,WF_SCHOLARSHIP_LIFECYCLE
apply for post matric and maintenance allowance,POST_MATRIC_SCHOLARSHIP,DEPT_HIGHER_EDU,SUB_SCHOLARSHIP_CELL,WF_SCHOLARSHIP_LIFECYCLE
apply for hostel allowance and degree,POST_MATRIC_SCHOLARSHIP,DEPT_HIGHER_EDU,SUB_SCHOLARSHIP_CELL,WF_SCHOLARSHIP_LIFECYCLE
apply for btech and college fees,POST_MATRIC_SCHOLARSHIP,DEPT_HIGHER_EDU,SUB_SCHOLARSHIP_CELL,WF_SCHOLARSHIP_LIFECYCLE
application form for polytechnic in Hyderabad,POST_MATRIC_SCHOLARSHIP,DEPT_HIGHER_EDU,SUB_SCHOLARSHIP_CELL,WF_SCHOLARSHIP_LIFECYCLE
apply for reimbursement and scholarship,POST_MATRIC_SCHOLARSHIP,DEPT_HIGHER_EDU,SUB_SCHOLARSHIP_CELL,WF_SCHOLARSHIP_LIFECYCLE
Submission of required proofs for tuition fee,POST_MATRIC_SCHOLARSHIP,DEPT_HIGHER_EDU,SUB_SCHOLARSHIP_CELL,WF_SCHOLARSHIP_LIFECYCLE
Please process my engineering application urgently,POST_MATRIC_SCHOLARSHIP,DEPT_HIGHER_EDU,SUB_SCHOLARSHIP_CELL,WF_SCHOLARSHIP_LIFECYCLE
apply for merit means and fee concession,POST_MATRIC_SCHOLARSHIP,DEPT_HIGHER_EDU,SUB_SCHOLARSHIP_CELL,WF_SCHOLARSHIP_LIFECYCLE
We are residing in Rangareddy and applying for fee concession,POST_MATRIC_SCHOLARSHIP,DEPT_HIGHER_EDU,SUB_SCHOLARSHIP_CELL,WF_SCHOLARSHIP_LIFECYCLE
apply for maintenance allowance and fee concession,POST_MATRIC_SCHOLARSHIP,DEPT_HIGHER_EDU,SUB_SCHOLARSHIP_CELL,WF_SCHOLARSHIP_LIFECYCLE
apply for post matric and reimbursement,POST_MATRIC_SCHOLARSHIP,DEPT_HIGHER_EDU,SUB_SCHOLARSHIP_CELL,WF_SCHOLARSHIP_LIFECYCLE
Respected sir kindly grant fee concession for our family,POST_MATRIC_SCHOLARSHIP,DEPT_HIGHER_EDU,SUB_SCHOLARSHIP_CELL,WF_SCHOLARSHIP_LIFECYCLE
apply for marks memo and btech 2nd year,POST_MATRIC_SCHOLARSHIP,DEPT_HIGHER_EDU,SUB_SCHOLARSHIP_CELL,WF_SCHOLARSHIP_LIFECYCLE
How to apply online for btech 2nd year on official portal,POST_MATRIC_SCHOLARSHIP,DEPT_HIGHER_EDU,SUB_SCHOLARSHIP_CELL,WF_SCHOLARSHIP_LIFECYCLE
I want to apply for tuition fee in Warangal,POST_MATRIC_SCHOLARSHIP,DEPT_HIGHER_EDU,SUB_SCHOLARSHIP_CELL,WF_SCHOLARSHIP_LIFECYCLE
Need official assistance regarding aishe application,POST_MATRIC_SCHOLARSHIP,DEPT_HIGHER_EDU,SUB_SCHOLARSHIP_CELL,WF_SCHOLARSHIP_LIFECYCLE
application form for engineering in Hyderabad,POST_MATRIC_SCHOLARSHIP,DEPT_HIGHER_EDU,SUB_SCHOLARSHIP_CELL,WF_SCHOLARSHIP_LIFECYCLE
Family annual income is low need btech 2nd year benefit,POST_MATRIC_SCHOLARSHIP,DEPT_HIGHER_EDU,SUB_SCHOLARSHIP_CELL,WF_SCHOLARSHIP_LIFECYCLE
apply for tuition fee and scholarship,POST_MATRIC_SCHOLARSHIP,DEPT_HIGHER_EDU,SUB_SCHOLARSHIP_CELL,WF_SCHOLARSHIP_LIFECYCLE
apply for btech 2nd year and scholarship,POST_MATRIC_SCHOLARSHIP,DEPT_HIGHER_EDU,SUB_SCHOLARSHIP_CELL,WF_SCHOLARSHIP_LIFECYCLE
URGENT: Requesting immediate approval for marks memo,POST_MATRIC_SCHOLARSHIP,DEPT_HIGHER_EDU,SUB_SCHOLARSHIP_CELL,WF_SCHOLARSHIP_LIFECYCLE
We are residing in Warangal and applying for mba,POST_MATRIC_SCHOLARSHIP,DEPT_HIGHER_EDU,SUB_SCHOLARSHIP_CELL,WF_SCHOLARSHIP_LIFECYCLE
I want to apply for degree in Rangareddy,POST_MATRIC_SCHOLARSHIP,DEPT_HIGHER_EDU,SUB_SCHOLARSHIP_CELL,WF_SCHOLARSHIP_LIFECYCLE
apply for exam fee waiver and student stipend,POST_MATRIC_SCHOLARSHIP,DEPT_HIGHER_EDU,SUB_SCHOLARSHIP_CELL,WF_SCHOLARSHIP_LIFECYCLE
apply for reimbursement and post matric,POST_MATRIC_SCHOLARSHIP,DEPT_HIGHER_EDU,SUB_SCHOLARSHIP_CELL,WF_SCHOLARSHIP_LIFECYCLE
apply for maintenance allowance and engineering,POST_MATRIC_SCHOLARSHIP,DEPT_HIGHER_EDU,SUB_SCHOLARSHIP_CELL,WF_SCHOLARSHIP_LIFECYCLE
apply for aishe and exam fee waiver,POST_MATRIC_SCHOLARSHIP,DEPT_HIGHER_EDU,SUB_SCHOLARSHIP_CELL,WF_SCHOLARSHIP_LIFECYCLE
Submission of required proofs for scholarship,POST_MATRIC_SCHOLARSHIP,DEPT_HIGHER_EDU,SUB_SCHOLARSHIP_CELL,WF_SCHOLARSHIP_LIFECYCLE
Can I get college fees support for this year,POST_MATRIC_SCHOLARSHIP,DEPT_HIGHER_EDU,SUB_SCHOLARSHIP_CELL,WF_SCHOLARSHIP_LIFECYCLE
apply for college fees and scholarship,POST_MATRIC_SCHOLARSHIP,DEPT_HIGHER_EDU,SUB_SCHOLARSHIP_CELL,WF_SCHOLARSHIP_LIFECYCLE
Respected sir kindly grant higher education grant for our family,POST_MATRIC_SCHOLARSHIP,DEPT_HIGHER_EDU,SUB_SCHOLARSHIP_CELL,WF_SCHOLARSHIP_LIFECYCLE
apply for college fees and btech,POST_MATRIC_SCHOLARSHIP,DEPT_HIGHER_EDU,SUB_SCHOLARSHIP_CELL,WF_SCHOLARSHIP_LIFECYCLE
apply for post matric and aishe,POST_MATRIC_SCHOLARSHIP,DEPT_HIGHER_EDU,SUB_SCHOLARSHIP_CELL,WF_SCHOLARSHIP_LIFECYCLE
apply for polytechnic and scholarship,POST_MATRIC_SCHOLARSHIP,DEPT_HIGHER_EDU,SUB_SCHOLARSHIP_CELL,WF_SCHOLARSHIP_LIFECYCLE
apply for btech and hostel allowance,POST_MATRIC_SCHOLARSHIP,DEPT_HIGHER_EDU,SUB_SCHOLARSHIP_CELL,WF_SCHOLARSHIP_LIFECYCLE
government scheme bonafide for welfare,POST_MATRIC_SCHOLARSHIP,DEPT_HIGHER_EDU,SUB_SCHOLARSHIP_CELL,WF_SCHOLARSHIP_LIFECYCLE
apply for scholarship and scholarship,POST_MATRIC_SCHOLARSHIP,DEPT_HIGHER_EDU,SUB_SCHOLARSHIP_CELL,WF_SCHOLARSHIP_LIFECYCLE
Respected sir kindly grant bonafide for our family,POST_MATRIC_SCHOLARSHIP,DEPT_HIGHER_EDU,SUB_SCHOLARSHIP_CELL,WF_SCHOLARSHIP_LIFECYCLE
apply for tuition fee and student stipend,POST_MATRIC_SCHOLARSHIP,DEPT_HIGHER_EDU,SUB_SCHOLARSHIP_CELL,WF_SCHOLARSHIP_LIFECYCLE
apply for engineering and student stipend,POST_MATRIC_SCHOLARSHIP,DEPT_HIGHER_EDU,SUB_SCHOLARSHIP_CELL,WF_SCHOLARSHIP_LIFECYCLE
We are residing in Warangal and applying for maintenance allowance,POST_MATRIC_SCHOLARSHIP,DEPT_HIGHER_EDU,SUB_SCHOLARSHIP_CELL,WF_SCHOLARSHIP_LIFECYCLE
We are residing in Hyderabad and applying for engineering,POST_MATRIC_SCHOLARSHIP,DEPT_HIGHER_EDU,SUB_SCHOLARSHIP_CELL,WF_SCHOLARSHIP_LIFECYCLE
Submission of required proofs for degree,POST_MATRIC_SCHOLARSHIP,DEPT_HIGHER_EDU,SUB_SCHOLARSHIP_CELL,WF_SCHOLARSHIP_LIFECYCLE
government scheme polytechnic for welfare,POST_MATRIC_SCHOLARSHIP,DEPT_HIGHER_EDU,SUB_SCHOLARSHIP_CELL,WF_SCHOLARSHIP_LIFECYCLE
Application for aishe under government rules,POST_MATRIC_SCHOLARSHIP,DEPT_HIGHER_EDU,SUB_SCHOLARSHIP_CELL,WF_SCHOLARSHIP_LIFECYCLE
Online registration for fee concession on state portal,POST_MATRIC_SCHOLARSHIP,DEPT_HIGHER_EDU,SUB_SCHOLARSHIP_CELL,WF_SCHOLARSHIP_LIFECYCLE
apply for higher education grant and merit means,POST_MATRIC_SCHOLARSHIP,DEPT_HIGHER_EDU,SUB_SCHOLARSHIP_CELL,WF_SCHOLARSHIP_LIFECYCLE
We are residing in Warangal and applying for higher education grant,POST_MATRIC_SCHOLARSHIP,DEPT_HIGHER_EDU,SUB_SCHOLARSHIP_CELL,WF_SCHOLARSHIP_LIFECYCLE
Need financial help and bonafide as soon as possible,POST_MATRIC_SCHOLARSHIP,DEPT_HIGHER_EDU,SUB_SCHOLARSHIP_CELL,WF_SCHOLARSHIP_LIFECYCLE
apply for degree and student stipend,POST_MATRIC_SCHOLARSHIP,DEPT_HIGHER_EDU,SUB_SCHOLARSHIP_CELL,WF_SCHOLARSHIP_LIFECYCLE
apply for marks memo and tuition fee,POST_MATRIC_SCHOLARSHIP,DEPT_HIGHER_EDU,SUB_SCHOLARSHIP_CELL,WF_SCHOLARSHIP_LIFECYCLE
We are residing in Rangareddy and applying for merit means,POST_MATRIC_SCHOLARSHIP,DEPT_HIGHER_EDU,SUB_SCHOLARSHIP_CELL,WF_SCHOLARSHIP_LIFECYCLE
Family annual income is low need exam fee waiver benefit,POST_MATRIC_SCHOLARSHIP,DEPT_HIGHER_EDU,SUB_SCHOLARSHIP_CELL,WF_SCHOLARSHIP_LIFECYCLE
How to apply online for polytechnic on official portal,POST_MATRIC_SCHOLARSHIP,DEPT_HIGHER_EDU,SUB_SCHOLARSHIP_CELL,WF_SCHOLARSHIP_LIFECYCLE
I want to apply for higher education grant in Hyderabad,POST_MATRIC_SCHOLARSHIP,DEPT_HIGHER_EDU,SUB_SCHOLARSHIP_CELL,WF_SCHOLARSHIP_LIFECYCLE
apply for fee concession and mba,POST_MATRIC_SCHOLARSHIP,DEPT_HIGHER_EDU,SUB_SCHOLARSHIP_CELL,WF_SCHOLARSHIP_LIFECYCLE
how to register permanent account number online without fee,INSTANT_E_PAN,DEPT_INCOME_TAX,SUB_PAN_PROCESSING,WF_PAN_LIFECYCLE
apply for e-pan and e-pan,INSTANT_E_PAN,DEPT_INCOME_TAX,SUB_PAN_PROCESSING,WF_PAN_LIFECYCLE
apply for 10 digit pan and e-pan,INSTANT_E_PAN,DEPT_INCOME_TAX,SUB_PAN_PROCESSING,WF_PAN_LIFECYCLE
apply for pan correction and tax id,INSTANT_E_PAN,DEPT_INCOME_TAX,SUB_PAN_PROCESSING,WF_PAN_LIFECYCLE
respected officer please approve pan correction,INSTANT_E_PAN,DEPT_INCOME_TAX,SUB_PAN_PROCESSING,WF_PAN_LIFECYCLE
We are residing in Hyderabad and applying for aadhaar ekyc pan,INSTANT_E_PAN,DEPT_INCOME_TAX,SUB_PAN_PROCESSING,WF_PAN_LIFECYCLE
apply for utiitsl and reprint pan,INSTANT_E_PAN,DEPT_INCOME_TAX,SUB_PAN_PROCESSING,WF_PAN_LIFECYCLE
Looking for government portal to apply form 49a,INSTANT_E_PAN,DEPT_INCOME_TAX,SUB_PAN_PROCESSING,WF_PAN_LIFECYCLE
apply for pvc pan card and pvc pan card,INSTANT_E_PAN,DEPT_INCOME_TAX,SUB_PAN_PROCESSING,WF_PAN_LIFECYCLE
i am eligible for pan correction uploaded all proofs,INSTANT_E_PAN,DEPT_INCOME_TAX,SUB_PAN_PROCESSING,WF_PAN_LIFECYCLE
apply for e-pan and tax id,INSTANT_E_PAN,DEPT_INCOME_TAX,SUB_PAN_PROCESSING,WF_PAN_LIFECYCLE
We are residing in Medchal and applying for taxpayer identification,INSTANT_E_PAN,DEPT_INCOME_TAX,SUB_PAN_PROCESSING,WF_PAN_LIFECYCLE
apply for taxpayer identification and 10 digit pan,INSTANT_E_PAN,DEPT_INCOME_TAX,SUB_PAN_PROCESSING,WF_PAN_LIFECYCLE
We are residing in Medchal and applying for pan correction,INSTANT_E_PAN,DEPT_INCOME_TAX,SUB_PAN_PROCESSING,WF_PAN_LIFECYCLE
Application for pan card under government rules,INSTANT_E_PAN,DEPT_INCOME_TAX,SUB_PAN_PROCESSING,WF_PAN_LIFECYCLE
Uploaded documents for form 49a verification,INSTANT_E_PAN,DEPT_INCOME_TAX,SUB_PAN_PROCESSING,WF_PAN_LIFECYCLE
We are residing in Karimnagar and applying for aadhaar ekyc pan,INSTANT_E_PAN,DEPT_INCOME_TAX,SUB_PAN_PROCESSING,WF_PAN_LIFECYCLE
apply for e-pan and utiitsl,INSTANT_E_PAN,DEPT_INCOME_TAX,SUB_PAN_PROCESSING,WF_PAN_LIFECYCLE
apply for permanent account number and download epan pdf,INSTANT_E_PAN,DEPT_INCOME_TAX,SUB_PAN_PROCESSING,WF_PAN_LIFECYCLE
I want to apply for permanent account number in Medchal,INSTANT_E_PAN,DEPT_INCOME_TAX,SUB_PAN_PROCESSING,WF_PAN_LIFECYCLE
My pan card request is pending for approval please check,INSTANT_E_PAN,DEPT_INCOME_TAX,SUB_PAN_PROCESSING,WF_PAN_LIFECYCLE
apply for income tax department and instant pan,INSTANT_E_PAN,DEPT_INCOME_TAX,SUB_PAN_PROCESSING,WF_PAN_LIFECYCLE
Need financial help and pvc pan card as soon as possible,INSTANT_E_PAN,DEPT_INCOME_TAX,SUB_PAN_PROCESSING,WF_PAN_LIFECYCLE
apply for nsdl pan and nsdl pan,INSTANT_E_PAN,DEPT_INCOME_TAX,SUB_PAN_PROCESSING,WF_PAN_LIFECYCLE
apply for e-pan and permanent account number,INSTANT_E_PAN,DEPT_INCOME_TAX,SUB_PAN_PROCESSING,WF_PAN_LIFECYCLE
I want to apply for permanent account number in Warangal,INSTANT_E_PAN,DEPT_INCOME_TAX,SUB_PAN_PROCESSING,WF_PAN_LIFECYCLE
We are residing in Karimnagar and applying for nsdl pan,INSTANT_E_PAN,DEPT_INCOME_TAX,SUB_PAN_PROCESSING,WF_PAN_LIFECYCLE
Kindly sanction aadhaar ekyc pan for eligible applicant,INSTANT_E_PAN,DEPT_INCOME_TAX,SUB_PAN_PROCESSING,WF_PAN_LIFECYCLE
Kindly sanction pan correction for eligible applicant,INSTANT_E_PAN,DEPT_INCOME_TAX,SUB_PAN_PROCESSING,WF_PAN_LIFECYCLE
how to register e-pan online without fee,INSTANT_E_PAN,DEPT_INCOME_TAX,SUB_PAN_PROCESSING,WF_PAN_LIFECYCLE
Hello officer please guide me for 10 digit pan,INSTANT_E_PAN,DEPT_INCOME_TAX,SUB_PAN_PROCESSING,WF_PAN_LIFECYCLE
apply for download epan pdf and 10 digit pan,INSTANT_E_PAN,DEPT_INCOME_TAX,SUB_PAN_PROCESSING,WF_PAN_LIFECYCLE
apply for e-pan and instant pan,INSTANT_E_PAN,DEPT_INCOME_TAX,SUB_PAN_PROCESSING,WF_PAN_LIFECYCLE
We are residing in Karimnagar and applying for pvc pan card,INSTANT_E_PAN,DEPT_INCOME_TAX,SUB_PAN_PROCESSING,WF_PAN_LIFECYCLE
apply for taxpayer identification and reprint pan,INSTANT_E_PAN,DEPT_INCOME_TAX,SUB_PAN_PROCESSING,WF_PAN_LIFECYCLE
How to apply online for pan card on official portal,INSTANT_E_PAN,DEPT_INCOME_TAX,SUB_PAN_PROCESSING,WF_PAN_LIFECYCLE
We are residing in Karimnagar and applying for pan correction,INSTANT_E_PAN,DEPT_INCOME_TAX,SUB_PAN_PROCESSING,WF_PAN_LIFECYCLE
Application for aadhaar ekyc pan under government rules,INSTANT_E_PAN,DEPT_INCOME_TAX,SUB_PAN_PROCESSING,WF_PAN_LIFECYCLE
Submission of required proofs for income tax department,INSTANT_E_PAN,DEPT_INCOME_TAX,SUB_PAN_PROCESSING,WF_PAN_LIFECYCLE
apply for reprint pan and income tax department,INSTANT_E_PAN,DEPT_INCOME_TAX,SUB_PAN_PROCESSING,WF_PAN_LIFECYCLE
apply for pan card and 10 digit pan,INSTANT_E_PAN,DEPT_INCOME_TAX,SUB_PAN_PROCESSING,WF_PAN_LIFECYCLE
application form for permanent account number in Hyderabad,INSTANT_E_PAN,DEPT_INCOME_TAX,SUB_PAN_PROCESSING,WF_PAN_LIFECYCLE
Application for tax id under government rules,INSTANT_E_PAN,DEPT_INCOME_TAX,SUB_PAN_PROCESSING,WF_PAN_LIFECYCLE
Kindly verify my details and approve instant pan,INSTANT_E_PAN,DEPT_INCOME_TAX,SUB_PAN_PROCESSING,WF_PAN_LIFECYCLE
urgent need of utiitsl for poor family,INSTANT_E_PAN,DEPT_INCOME_TAX,SUB_PAN_PROCESSING,WF_PAN_LIFECYCLE
Please process my instant pan application urgently,INSTANT_E_PAN,DEPT_INCOME_TAX,SUB_PAN_PROCESSING,WF_PAN_LIFECYCLE
Submission of required proofs for tax id,INSTANT_E_PAN,DEPT_INCOME_TAX,SUB_PAN_PROCESSING,WF_PAN_LIFECYCLE
apply for tax id and permanent account number,INSTANT_E_PAN,DEPT_INCOME_TAX,SUB_PAN_PROCESSING,WF_PAN_LIFECYCLE
We are residing in Warangal and applying for pvc pan card,INSTANT_E_PAN,DEPT_INCOME_TAX,SUB_PAN_PROCESSING,WF_PAN_LIFECYCLE
urgent need of pvc pan card for poor family,INSTANT_E_PAN,DEPT_INCOME_TAX,SUB_PAN_PROCESSING,WF_PAN_LIFECYCLE
Hello officer please guide me for taxpayer identification,INSTANT_E_PAN,DEPT_INCOME_TAX,SUB_PAN_PROCESSING,WF_PAN_LIFECYCLE
apply for reprint pan and form 49a,INSTANT_E_PAN,DEPT_INCOME_TAX,SUB_PAN_PROCESSING,WF_PAN_LIFECYCLE
application form for instant pan in Hyderabad,INSTANT_E_PAN,DEPT_INCOME_TAX,SUB_PAN_PROCESSING,WF_PAN_LIFECYCLE
apply for taxpayer identification and pan card,INSTANT_E_PAN,DEPT_INCOME_TAX,SUB_PAN_PROCESSING,WF_PAN_LIFECYCLE
Kindly verify my details and approve pan card,INSTANT_E_PAN,DEPT_INCOME_TAX,SUB_PAN_PROCESSING,WF_PAN_LIFECYCLE
Uploaded documents for nsdl pan verification,INSTANT_E_PAN,DEPT_INCOME_TAX,SUB_PAN_PROCESSING,WF_PAN_LIFECYCLE
We are residing in Medchal and applying for aadhaar ekyc pan,INSTANT_E_PAN,DEPT_INCOME_TAX,SUB_PAN_PROCESSING,WF_PAN_LIFECYCLE
Uploaded documents for income tax department verification,INSTANT_E_PAN,DEPT_INCOME_TAX,SUB_PAN_PROCESSING,WF_PAN_LIFECYCLE
We are residing in Rangareddy and applying for pan card,INSTANT_E_PAN,DEPT_INCOME_TAX,SUB_PAN_PROCESSING,WF_PAN_LIFECYCLE
We are residing in Medchal and applying for e-pan,INSTANT_E_PAN,DEPT_INCOME_TAX,SUB_PAN_PROCESSING,WF_PAN_LIFECYCLE
My utiitsl request is pending for approval please check,INSTANT_E_PAN,DEPT_INCOME_TAX,SUB_PAN_PROCESSING,WF_PAN_LIFECYCLE
Can I get form 49a support for this year,INSTANT_E_PAN,DEPT_INCOME_TAX,SUB_PAN_PROCESSING,WF_PAN_LIFECYCLE
We are residing in Rangareddy and applying for e-pan,INSTANT_E_PAN,DEPT_INCOME_TAX,SUB_PAN_PROCESSING,WF_PAN_LIFECYCLE
Need financial help and nsdl pan as soon as possible,INSTANT_E_PAN,DEPT_INCOME_TAX,SUB_PAN_PROCESSING,WF_PAN_LIFECYCLE
I want to apply for utiitsl in Medchal,INSTANT_E_PAN,DEPT_INCOME_TAX,SUB_PAN_PROCESSING,WF_PAN_LIFECYCLE
apply for permanent account number and form 49a,INSTANT_E_PAN,DEPT_INCOME_TAX,SUB_PAN_PROCESSING,WF_PAN_LIFECYCLE
how to register pan correction online without fee,INSTANT_E_PAN,DEPT_INCOME_TAX,SUB_PAN_PROCESSING,WF_PAN_LIFECYCLE
All my eligibility documents are ready for pan correction,INSTANT_E_PAN,DEPT_INCOME_TAX,SUB_PAN_PROCESSING,WF_PAN_LIFECYCLE
How to apply online for reprint pan on official portal,INSTANT_E_PAN,DEPT_INCOME_TAX,SUB_PAN_PROCESSING,WF_PAN_LIFECYCLE
Family annual income is low need download epan pdf benefit,INSTANT_E_PAN,DEPT_INCOME_TAX,SUB_PAN_PROCESSING,WF_PAN_LIFECYCLE
Looking for government portal to apply income tax department,INSTANT_E_PAN,DEPT_INCOME_TAX,SUB_PAN_PROCESSING,WF_PAN_LIFECYCLE
Hello officer please guide me for permanent account number,INSTANT_E_PAN,DEPT_INCOME_TAX,SUB_PAN_PROCESSING,WF_PAN_LIFECYCLE
my aadhaar ekyc pan was submitted kindly do the needful,INSTANT_E_PAN,DEPT_INCOME_TAX,SUB_PAN_PROCESSING,WF_PAN_LIFECYCLE
All my eligibility documents are ready for tax id,INSTANT_E_PAN,DEPT_INCOME_TAX,SUB_PAN_PROCESSING,WF_PAN_LIFECYCLE
government scheme reprint pan for welfare,INSTANT_E_PAN,DEPT_INCOME_TAX,SUB_PAN_PROCESSING,WF_PAN_LIFECYCLE
We are residing in Rangareddy and applying for income tax department,INSTANT_E_PAN,DEPT_INCOME_TAX,SUB_PAN_PROCESSING,WF_PAN_LIFECYCLE
apply for permanent account number and tax id,INSTANT_E_PAN,DEPT_INCOME_TAX,SUB_PAN_PROCESSING,WF_PAN_LIFECYCLE
apply for income tax department and e-pan,INSTANT_E_PAN,DEPT_INCOME_TAX,SUB_PAN_PROCESSING,WF_PAN_LIFECYCLE
apply for 10 digit pan and tax id,INSTANT_E_PAN,DEPT_INCOME_TAX,SUB_PAN_PROCESSING,WF_PAN_LIFECYCLE
Need official assistance regarding pan card application,INSTANT_E_PAN,DEPT_INCOME_TAX,SUB_PAN_PROCESSING,WF_PAN_LIFECYCLE
My e-pan request is pending for approval please check,INSTANT_E_PAN,DEPT_INCOME_TAX,SUB_PAN_PROCESSING,WF_PAN_LIFECYCLE
Need official assistance regarding 10 digit pan application,INSTANT_E_PAN,DEPT_INCOME_TAX,SUB_PAN_PROCESSING,WF_PAN_LIFECYCLE
We are residing in Medchal and applying for download epan pdf,INSTANT_E_PAN,DEPT_INCOME_TAX,SUB_PAN_PROCESSING,WF_PAN_LIFECYCLE
apply for nsdl pan and pan card,INSTANT_E_PAN,DEPT_INCOME_TAX,SUB_PAN_PROCESSING,WF_PAN_LIFECYCLE
Submission of required proofs for pan correction,INSTANT_E_PAN,DEPT_INCOME_TAX,SUB_PAN_PROCESSING,WF_PAN_LIFECYCLE
Respected sir kindly grant form 49a for our family,INSTANT_E_PAN,DEPT_INCOME_TAX,SUB_PAN_PROCESSING,WF_PAN_LIFECYCLE
I want to apply for aadhaar ekyc pan in Warangal,INSTANT_E_PAN,DEPT_INCOME_TAX,SUB_PAN_PROCESSING,WF_PAN_LIFECYCLE
apply for download epan pdf and taxpayer identification,INSTANT_E_PAN,DEPT_INCOME_TAX,SUB_PAN_PROCESSING,WF_PAN_LIFECYCLE
respected officer please approve taxpayer identification,INSTANT_E_PAN,DEPT_INCOME_TAX,SUB_PAN_PROCESSING,WF_PAN_LIFECYCLE
Need financial help and form 49a as soon as possible,INSTANT_E_PAN,DEPT_INCOME_TAX,SUB_PAN_PROCESSING,WF_PAN_LIFECYCLE
We are residing in Rangareddy and applying for instant pan,INSTANT_E_PAN,DEPT_INCOME_TAX,SUB_PAN_PROCESSING,WF_PAN_LIFECYCLE
government scheme taxpayer identification for welfare,INSTANT_E_PAN,DEPT_INCOME_TAX,SUB_PAN_PROCESSING,WF_PAN_LIFECYCLE
urgent need of tax id for poor family,INSTANT_E_PAN,DEPT_INCOME_TAX,SUB_PAN_PROCESSING,WF_PAN_LIFECYCLE
apply for form 49a and nsdl pan,INSTANT_E_PAN,DEPT_INCOME_TAX,SUB_PAN_PROCESSING,WF_PAN_LIFECYCLE
government scheme e-pan for welfare,INSTANT_E_PAN,DEPT_INCOME_TAX,SUB_PAN_PROCESSING,WF_PAN_LIFECYCLE
apply for utiitsl and instant pan,INSTANT_E_PAN,DEPT_INCOME_TAX,SUB_PAN_PROCESSING,WF_PAN_LIFECYCLE
Need official assistance regarding pan correction application,INSTANT_E_PAN,DEPT_INCOME_TAX,SUB_PAN_PROCESSING,WF_PAN_LIFECYCLE
All my eligibility documents are ready for pan card,INSTANT_E_PAN,DEPT_INCOME_TAX,SUB_PAN_PROCESSING,WF_PAN_LIFECYCLE
Uploaded documents for tax id verification,INSTANT_E_PAN,DEPT_INCOME_TAX,SUB_PAN_PROCESSING,WF_PAN_LIFECYCLE
Application for reprint pan under government rules,INSTANT_E_PAN,DEPT_INCOME_TAX,SUB_PAN_PROCESSING,WF_PAN_LIFECYCLE
i am eligible for permanent account number uploaded all proofs,INSTANT_E_PAN,DEPT_INCOME_TAX,SUB_PAN_PROCESSING,WF_PAN_LIFECYCLE
apply for pan card and pan card,INSTANT_E_PAN,DEPT_INCOME_TAX,SUB_PAN_PROCESSING,WF_PAN_LIFECYCLE
apply for nsdl pan and e-pan,INSTANT_E_PAN,DEPT_INCOME_TAX,SUB_PAN_PROCESSING,WF_PAN_LIFECYCLE
apply for download epan pdf and tax id,INSTANT_E_PAN,DEPT_INCOME_TAX,SUB_PAN_PROCESSING,WF_PAN_LIFECYCLE
apply for form 49a and e-pan,INSTANT_E_PAN,DEPT_INCOME_TAX,SUB_PAN_PROCESSING,WF_PAN_LIFECYCLE
Kindly sanction form 49a for eligible applicant,INSTANT_E_PAN,DEPT_INCOME_TAX,SUB_PAN_PROCESSING,WF_PAN_LIFECYCLE
All my eligibility documents are ready for permanent account number,INSTANT_E_PAN,DEPT_INCOME_TAX,SUB_PAN_PROCESSING,WF_PAN_LIFECYCLE
Need financial help and aadhaar ekyc pan as soon as possible,INSTANT_E_PAN,DEPT_INCOME_TAX,SUB_PAN_PROCESSING,WF_PAN_LIFECYCLE
i am eligible for income tax department uploaded all proofs,INSTANT_E_PAN,DEPT_INCOME_TAX,SUB_PAN_PROCESSING,WF_PAN_LIFECYCLE
We are residing in Warangal and applying for download epan pdf,INSTANT_E_PAN,DEPT_INCOME_TAX,SUB_PAN_PROCESSING,WF_PAN_LIFECYCLE
I want to apply for tax id in Karimnagar,INSTANT_E_PAN,DEPT_INCOME_TAX,SUB_PAN_PROCESSING,WF_PAN_LIFECYCLE
apply for instant pan and pvc pan card,INSTANT_E_PAN,DEPT_INCOME_TAX,SUB_PAN_PROCESSING,WF_PAN_LIFECYCLE
I want to apply for utiitsl in Rangareddy,INSTANT_E_PAN,DEPT_INCOME_TAX,SUB_PAN_PROCESSING,WF_PAN_LIFECYCLE
apply for taxpayer identification and download epan pdf,INSTANT_E_PAN,DEPT_INCOME_TAX,SUB_PAN_PROCESSING,WF_PAN_LIFECYCLE
apply for pvc pan card and form 49a,INSTANT_E_PAN,DEPT_INCOME_TAX,SUB_PAN_PROCESSING,WF_PAN_LIFECYCLE
how to register download epan pdf online without fee,INSTANT_E_PAN,DEPT_INCOME_TAX,SUB_PAN_PROCESSING,WF_PAN_LIFECYCLE
Need official assistance regarding reprint pan application,INSTANT_E_PAN,DEPT_INCOME_TAX,SUB_PAN_PROCESSING,WF_PAN_LIFECYCLE
Respected sir kindly grant download epan pdf for our family,INSTANT_E_PAN,DEPT_INCOME_TAX,SUB_PAN_PROCESSING,WF_PAN_LIFECYCLE
apply for pvc pan card and pan card,INSTANT_E_PAN,DEPT_INCOME_TAX,SUB_PAN_PROCESSING,WF_PAN_LIFECYCLE
My income tax department request is pending for approval please check,INSTANT_E_PAN,DEPT_INCOME_TAX,SUB_PAN_PROCESSING,WF_PAN_LIFECYCLE
apply for form 49a and pan correction,INSTANT_E_PAN,DEPT_INCOME_TAX,SUB_PAN_PROCESSING,WF_PAN_LIFECYCLE
apply for tax id and form 49a,INSTANT_E_PAN,DEPT_INCOME_TAX,SUB_PAN_PROCESSING,WF_PAN_LIFECYCLE
Can I get aadhaar ekyc pan support for this year,INSTANT_E_PAN,DEPT_INCOME_TAX,SUB_PAN_PROCESSING,WF_PAN_LIFECYCLE
Respected sir kindly grant reprint pan for our family,INSTANT_E_PAN,DEPT_INCOME_TAX,SUB_PAN_PROCESSING,WF_PAN_LIFECYCLE
government scheme instant pan for welfare,INSTANT_E_PAN,DEPT_INCOME_TAX,SUB_PAN_PROCESSING,WF_PAN_LIFECYCLE
I want to apply for utiitsl in Karimnagar,INSTANT_E_PAN,DEPT_INCOME_TAX,SUB_PAN_PROCESSING,WF_PAN_LIFECYCLE
I want to apply for download epan pdf in Warangal,INSTANT_E_PAN,DEPT_INCOME_TAX,SUB_PAN_PROCESSING,WF_PAN_LIFECYCLE
apply for aadhaar ekyc pan and pvc pan card,INSTANT_E_PAN,DEPT_INCOME_TAX,SUB_PAN_PROCESSING,WF_PAN_LIFECYCLE
Kindly verify my details and approve pan correction,INSTANT_E_PAN,DEPT_INCOME_TAX,SUB_PAN_PROCESSING,WF_PAN_LIFECYCLE
We are residing in Hyderabad and applying for tax id,INSTANT_E_PAN,DEPT_INCOME_TAX,SUB_PAN_PROCESSING,WF_PAN_LIFECYCLE
Submission of required proofs for 10 digit pan,INSTANT_E_PAN,DEPT_INCOME_TAX,SUB_PAN_PROCESSING,WF_PAN_LIFECYCLE
apply for aadhaar ekyc pan and utiitsl,INSTANT_E_PAN,DEPT_INCOME_TAX,SUB_PAN_PROCESSING,WF_PAN_LIFECYCLE
my reprint pan was submitted kindly do the needful,INSTANT_E_PAN,DEPT_INCOME_TAX,SUB_PAN_PROCESSING,WF_PAN_LIFECYCLE
apply for nsdl pan and permanent account number,INSTANT_E_PAN,DEPT_INCOME_TAX,SUB_PAN_PROCESSING,WF_PAN_LIFECYCLE
Kindly sanction utiitsl for eligible applicant,INSTANT_E_PAN,DEPT_INCOME_TAX,SUB_PAN_PROCESSING,WF_PAN_LIFECYCLE
Can I get permanent account number support for this year,INSTANT_E_PAN,DEPT_INCOME_TAX,SUB_PAN_PROCESSING,WF_PAN_LIFECYCLE
how to register form 49a online without fee,INSTANT_E_PAN,DEPT_INCOME_TAX,SUB_PAN_PROCESSING,WF_PAN_LIFECYCLE
apply for pvc pan card and pan correction,INSTANT_E_PAN,DEPT_INCOME_TAX,SUB_PAN_PROCESSING,WF_PAN_LIFECYCLE
respected officer please approve aadhaar ekyc pan,INSTANT_E_PAN,DEPT_INCOME_TAX,SUB_PAN_PROCESSING,WF_PAN_LIFECYCLE
how to register taxpayer identification online without fee,INSTANT_E_PAN,DEPT_INCOME_TAX,SUB_PAN_PROCESSING,WF_PAN_LIFECYCLE
We are residing in Rangareddy and applying for pan correction,INSTANT_E_PAN,DEPT_INCOME_TAX,SUB_PAN_PROCESSING,WF_PAN_LIFECYCLE
apply for income tax department and utiitsl,INSTANT_E_PAN,DEPT_INCOME_TAX,SUB_PAN_PROCESSING,WF_PAN_LIFECYCLE
Submission of required proofs for utiitsl,INSTANT_E_PAN,DEPT_INCOME_TAX,SUB_PAN_PROCESSING,WF_PAN_LIFECYCLE
apply for aadhaar ekyc pan and nsdl pan,INSTANT_E_PAN,DEPT_INCOME_TAX,SUB_PAN_PROCESSING,WF_PAN_LIFECYCLE
Kindly sanction reprint pan for eligible applicant,INSTANT_E_PAN,DEPT_INCOME_TAX,SUB_PAN_PROCESSING,WF_PAN_LIFECYCLE
government scheme permanent account number for welfare,INSTANT_E_PAN,DEPT_INCOME_TAX,SUB_PAN_PROCESSING,WF_PAN_LIFECYCLE
my taxpayer identification was submitted kindly do the needful,INSTANT_E_PAN,DEPT_INCOME_TAX,SUB_PAN_PROCESSING,WF_PAN_LIFECYCLE
I want to apply for pan card in Karimnagar,INSTANT_E_PAN,DEPT_INCOME_TAX,SUB_PAN_PROCESSING,WF_PAN_LIFECYCLE
my income tax department was submitted kindly do the needful,INSTANT_E_PAN,DEPT_INCOME_TAX,SUB_PAN_PROCESSING,WF_PAN_LIFECYCLE
Need official assistance regarding instant pan application,INSTANT_E_PAN,DEPT_INCOME_TAX,SUB_PAN_PROCESSING,WF_PAN_LIFECYCLE
apply for reprint pan and pvc pan card,INSTANT_E_PAN,DEPT_INCOME_TAX,SUB_PAN_PROCESSING,WF_PAN_LIFECYCLE
Uploaded documents for reprint pan verification,INSTANT_E_PAN,DEPT_INCOME_TAX,SUB_PAN_PROCESSING,WF_PAN_LIFECYCLE
apply for reprint pan and aadhaar ekyc pan,INSTANT_E_PAN,DEPT_INCOME_TAX,SUB_PAN_PROCESSING,WF_PAN_LIFECYCLE
respected officer please approve form 49a,INSTANT_E_PAN,DEPT_INCOME_TAX,SUB_PAN_PROCESSING,WF_PAN_LIFECYCLE
Respected sir kindly grant nsdl pan for our family,INSTANT_E_PAN,DEPT_INCOME_TAX,SUB_PAN_PROCESSING,WF_PAN_LIFECYCLE
apply for permanent account number and 10 digit pan,INSTANT_E_PAN,DEPT_INCOME_TAX,SUB_PAN_PROCESSING,WF_PAN_LIFECYCLE
All my eligibility documents are ready for income tax department,INSTANT_E_PAN,DEPT_INCOME_TAX,SUB_PAN_PROCESSING,WF_PAN_LIFECYCLE
I want to apply for permanent account number in Rangareddy,INSTANT_E_PAN,DEPT_INCOME_TAX,SUB_PAN_PROCESSING,WF_PAN_LIFECYCLE
apply for utiitsl and pan correction,INSTANT_E_PAN,DEPT_INCOME_TAX,SUB_PAN_PROCESSING,WF_PAN_LIFECYCLE
We are residing in Warangal and applying for utiitsl,INSTANT_E_PAN,DEPT_INCOME_TAX,SUB_PAN_PROCESSING,WF_PAN_LIFECYCLE
We are residing in Hyderabad and applying for form 49a,INSTANT_E_PAN,DEPT_INCOME_TAX,SUB_PAN_PROCESSING,WF_PAN_LIFECYCLE
apply for permanent account number and pvc pan card,INSTANT_E_PAN,DEPT_INCOME_TAX,SUB_PAN_PROCESSING,WF_PAN_LIFECYCLE
My tax id request is pending for approval please check,INSTANT_E_PAN,DEPT_INCOME_TAX,SUB_PAN_PROCESSING,WF_PAN_LIFECYCLE
I want to apply for form 49a in Rangareddy,INSTANT_E_PAN,DEPT_INCOME_TAX,SUB_PAN_PROCESSING,WF_PAN_LIFECYCLE
My reprint pan request is pending for approval please check,INSTANT_E_PAN,DEPT_INCOME_TAX,SUB_PAN_PROCESSING,WF_PAN_LIFECYCLE
How to apply online for form 49a on official portal,INSTANT_E_PAN,DEPT_INCOME_TAX,SUB_PAN_PROCESSING,WF_PAN_LIFECYCLE
apply for reprint pan and instant pan,INSTANT_E_PAN,DEPT_INCOME_TAX,SUB_PAN_PROCESSING,WF_PAN_LIFECYCLE
Need financial help and pan correction as soon as possible,INSTANT_E_PAN,DEPT_INCOME_TAX,SUB_PAN_PROCESSING,WF_PAN_LIFECYCLE
Application for 10 digit pan under government rules,INSTANT_E_PAN,DEPT_INCOME_TAX,SUB_PAN_PROCESSING,WF_PAN_LIFECYCLE
We are residing in Rangareddy and applying for taxpayer identification,INSTANT_E_PAN,DEPT_INCOME_TAX,SUB_PAN_PROCESSING,WF_PAN_LIFECYCLE
Can I get nsdl pan support for this year,INSTANT_E_PAN,DEPT_INCOME_TAX,SUB_PAN_PROCESSING,WF_PAN_LIFECYCLE
apply for download epan pdf and pan card,INSTANT_E_PAN,DEPT_INCOME_TAX,SUB_PAN_PROCESSING,WF_PAN_LIFECYCLE
apply for permanent account number and e-pan,INSTANT_E_PAN,DEPT_INCOME_TAX,SUB_PAN_PROCESSING,WF_PAN_LIFECYCLE
We are residing in Karimnagar and applying for pan card,INSTANT_E_PAN,DEPT_INCOME_TAX,SUB_PAN_PROCESSING,WF_PAN_LIFECYCLE
Please process my tax id application urgently,INSTANT_E_PAN,DEPT_INCOME_TAX,SUB_PAN_PROCESSING,WF_PAN_LIFECYCLE
We are residing in Hyderabad and applying for permanent account number,INSTANT_E_PAN,DEPT_INCOME_TAX,SUB_PAN_PROCESSING,WF_PAN_LIFECYCLE
I want to apply for pan card in Medchal,INSTANT_E_PAN,DEPT_INCOME_TAX,SUB_PAN_PROCESSING,WF_PAN_LIFECYCLE
Please process my download epan pdf application urgently,INSTANT_E_PAN,DEPT_INCOME_TAX,SUB_PAN_PROCESSING,WF_PAN_LIFECYCLE
How to apply online for income tax department on official portal,INSTANT_E_PAN,DEPT_INCOME_TAX,SUB_PAN_PROCESSING,WF_PAN_LIFECYCLE
apply for nsdl pan and pvc pan card,INSTANT_E_PAN,DEPT_INCOME_TAX,SUB_PAN_PROCESSING,WF_PAN_LIFECYCLE
apply for form 49a and instant pan,INSTANT_E_PAN,DEPT_INCOME_TAX,SUB_PAN_PROCESSING,WF_PAN_LIFECYCLE
government scheme income tax department for welfare,INSTANT_E_PAN,DEPT_INCOME_TAX,SUB_PAN_PROCESSING,WF_PAN_LIFECYCLE
apply for pvc pan card and nsdl pan,INSTANT_E_PAN,DEPT_INCOME_TAX,SUB_PAN_PROCESSING,WF_PAN_LIFECYCLE
apply for utiitsl and download epan pdf,INSTANT_E_PAN,DEPT_INCOME_TAX,SUB_PAN_PROCESSING,WF_PAN_LIFECYCLE
apply for tax id and e-pan,INSTANT_E_PAN,DEPT_INCOME_TAX,SUB_PAN_PROCESSING,WF_PAN_LIFECYCLE
My nsdl pan request is pending for approval please check,INSTANT_E_PAN,DEPT_INCOME_TAX,SUB_PAN_PROCESSING,WF_PAN_LIFECYCLE
apply for download epan pdf and income tax department,INSTANT_E_PAN,DEPT_INCOME_TAX,SUB_PAN_PROCESSING,WF_PAN_LIFECYCLE
Please process my pvc pan card application urgently,INSTANT_E_PAN,DEPT_INCOME_TAX,SUB_PAN_PROCESSING,WF_PAN_LIFECYCLE
I want to apply for income tax department in Rangareddy,INSTANT_E_PAN,DEPT_INCOME_TAX,SUB_PAN_PROCESSING,WF_PAN_LIFECYCLE
Submission of required proofs for nsdl pan,INSTANT_E_PAN,DEPT_INCOME_TAX,SUB_PAN_PROCESSING,WF_PAN_LIFECYCLE
apply for pan correction and pvc pan card,INSTANT_E_PAN,DEPT_INCOME_TAX,SUB_PAN_PROCESSING,WF_PAN_LIFECYCLE
apply for tax id and 10 digit pan,INSTANT_E_PAN,DEPT_INCOME_TAX,SUB_PAN_PROCESSING,WF_PAN_LIFECYCLE
We are residing in Karimnagar and applying for reprint pan,INSTANT_E_PAN,DEPT_INCOME_TAX,SUB_PAN_PROCESSING,WF_PAN_LIFECYCLE
how to register pan card online without fee,INSTANT_E_PAN,DEPT_INCOME_TAX,SUB_PAN_PROCESSING,WF_PAN_LIFECYCLE
We are residing in Medchal and applying for form 49a,INSTANT_E_PAN,DEPT_INCOME_TAX,SUB_PAN_PROCESSING,WF_PAN_LIFECYCLE
apply for pan card and permanent account number,INSTANT_E_PAN,DEPT_INCOME_TAX,SUB_PAN_PROCESSING,WF_PAN_LIFECYCLE
apply for aadhaar ekyc pan and aadhaar ekyc pan,INSTANT_E_PAN,DEPT_INCOME_TAX,SUB_PAN_PROCESSING,WF_PAN_LIFECYCLE
Kindly sanction taxpayer identification for eligible applicant,INSTANT_E_PAN,DEPT_INCOME_TAX,SUB_PAN_PROCESSING,WF_PAN_LIFECYCLE
Can I get pan card support for this year,INSTANT_E_PAN,DEPT_INCOME_TAX,SUB_PAN_PROCESSING,WF_PAN_LIFECYCLE
my e-pan was submitted kindly do the needful,INSTANT_E_PAN,DEPT_INCOME_TAX,SUB_PAN_PROCESSING,WF_PAN_LIFECYCLE
I want to apply for pan card in Warangal,INSTANT_E_PAN,DEPT_INCOME_TAX,SUB_PAN_PROCESSING,WF_PAN_LIFECYCLE
Online registration for 10 digit pan on state portal,INSTANT_E_PAN,DEPT_INCOME_TAX,SUB_PAN_PROCESSING,WF_PAN_LIFECYCLE
I want to apply for instant pan in Rangareddy,INSTANT_E_PAN,DEPT_INCOME_TAX,SUB_PAN_PROCESSING,WF_PAN_LIFECYCLE
Kindly sanction pan card for eligible applicant,INSTANT_E_PAN,DEPT_INCOME_TAX,SUB_PAN_PROCESSING,WF_PAN_LIFECYCLE
respected officer please approve download epan pdf,INSTANT_E_PAN,DEPT_INCOME_TAX,SUB_PAN_PROCESSING,WF_PAN_LIFECYCLE
URGENT: Requesting immediate approval for taxpayer identification,INSTANT_E_PAN,DEPT_INCOME_TAX,SUB_PAN_PROCESSING,WF_PAN_LIFECYCLE
Kindly verify my details and approve aadhaar ekyc pan,INSTANT_E_PAN,DEPT_INCOME_TAX,SUB_PAN_PROCESSING,WF_PAN_LIFECYCLE
Uploaded documents for e-pan verification,INSTANT_E_PAN,DEPT_INCOME_TAX,SUB_PAN_PROCESSING,WF_PAN_LIFECYCLE
I want to apply for pvc pan card in Karimnagar,INSTANT_E_PAN,DEPT_INCOME_TAX,SUB_PAN_PROCESSING,WF_PAN_LIFECYCLE
apply for income tax department and pan correction,INSTANT_E_PAN,DEPT_INCOME_TAX,SUB_PAN_PROCESSING,WF_PAN_LIFECYCLE
We are residing in Medchal and applying for pvc pan card,INSTANT_E_PAN,DEPT_INCOME_TAX,SUB_PAN_PROCESSING,WF_PAN_LIFECYCLE
We are residing in Warangal and applying for taxpayer identification,INSTANT_E_PAN,DEPT_INCOME_TAX,SUB_PAN_PROCESSING,WF_PAN_LIFECYCLE
Looking for government portal to apply tax id,INSTANT_E_PAN,DEPT_INCOME_TAX,SUB_PAN_PROCESSING,WF_PAN_LIFECYCLE
application form for aadhaar ekyc pan in Hyderabad,INSTANT_E_PAN,DEPT_INCOME_TAX,SUB_PAN_PROCESSING,WF_PAN_LIFECYCLE
apply for download epan pdf and permanent account number,INSTANT_E_PAN,DEPT_INCOME_TAX,SUB_PAN_PROCESSING,WF_PAN_LIFECYCLE
We are residing in Medchal and applying for utiitsl,INSTANT_E_PAN,DEPT_INCOME_TAX,SUB_PAN_PROCESSING,WF_PAN_LIFECYCLE
Application for utiitsl under government rules,INSTANT_E_PAN,DEPT_INCOME_TAX,SUB_PAN_PROCESSING,WF_PAN_LIFECYCLE
apply for pan card and nsdl pan,INSTANT_E_PAN,DEPT_INCOME_TAX,SUB_PAN_PROCESSING,WF_PAN_LIFECYCLE
We are residing in Karimnagar and applying for download epan pdf,INSTANT_E_PAN,DEPT_INCOME_TAX,SUB_PAN_PROCESSING,WF_PAN_LIFECYCLE
apply for aadhaar ekyc pan and permanent account number,INSTANT_E_PAN,DEPT_INCOME_TAX,SUB_PAN_PROCESSING,WF_PAN_LIFECYCLE
apply for form 49a and pvc pan card,INSTANT_E_PAN,DEPT_INCOME_TAX,SUB_PAN_PROCESSING,WF_PAN_LIFECYCLE
I want to apply for form 49a in Medchal,INSTANT_E_PAN,DEPT_INCOME_TAX,SUB_PAN_PROCESSING,WF_PAN_LIFECYCLE
I want to apply for nsdl pan in Karimnagar,INSTANT_E_PAN,DEPT_INCOME_TAX,SUB_PAN_PROCESSING,WF_PAN_LIFECYCLE
apply for income tax department and form 49a,INSTANT_E_PAN,DEPT_INCOME_TAX,SUB_PAN_PROCESSING,WF_PAN_LIFECYCLE
apply for pan card and utiitsl,INSTANT_E_PAN,DEPT_INCOME_TAX,SUB_PAN_PROCESSING,WF_PAN_LIFECYCLE
Can I get tax id support for this year,INSTANT_E_PAN,DEPT_INCOME_TAX,SUB_PAN_PROCESSING,WF_PAN_LIFECYCLE
Family annual income is low need pan card benefit,INSTANT_E_PAN,DEPT_INCOME_TAX,SUB_PAN_PROCESSING,WF_PAN_LIFECYCLE
apply for pvc pan card and income tax department,INSTANT_E_PAN,DEPT_INCOME_TAX,SUB_PAN_PROCESSING,WF_PAN_LIFECYCLE
Kindly verify my details and approve nsdl pan,INSTANT_E_PAN,DEPT_INCOME_TAX,SUB_PAN_PROCESSING,WF_PAN_LIFECYCLE
respected officer please approve pan card,INSTANT_E_PAN,DEPT_INCOME_TAX,SUB_PAN_PROCESSING,WF_PAN_LIFECYCLE
apply for instant pan and utiitsl,INSTANT_E_PAN,DEPT_INCOME_TAX,SUB_PAN_PROCESSING,WF_PAN_LIFECYCLE
We are residing in Warangal and applying for reprint pan,INSTANT_E_PAN,DEPT_INCOME_TAX,SUB_PAN_PROCESSING,WF_PAN_LIFECYCLE
Online registration for income tax department on state portal,INSTANT_E_PAN,DEPT_INCOME_TAX,SUB_PAN_PROCESSING,WF_PAN_LIFECYCLE
Kindly verify my details and approve 10 digit pan,INSTANT_E_PAN,DEPT_INCOME_TAX,SUB_PAN_PROCESSING,WF_PAN_LIFECYCLE
urgent need of pan correction for poor family,INSTANT_E_PAN,DEPT_INCOME_TAX,SUB_PAN_PROCESSING,WF_PAN_LIFECYCLE
We are residing in Medchal and applying for nsdl pan,INSTANT_E_PAN,DEPT_INCOME_TAX,SUB_PAN_PROCESSING,WF_PAN_LIFECYCLE
apply for pan card and taxpayer identification,INSTANT_E_PAN,DEPT_INCOME_TAX,SUB_PAN_PROCESSING,WF_PAN_LIFECYCLE
Please process my income tax department application urgently,INSTANT_E_PAN,DEPT_INCOME_TAX,SUB_PAN_PROCESSING,WF_PAN_LIFECYCLE
application form for utiitsl in Hyderabad,INSTANT_E_PAN,DEPT_INCOME_TAX,SUB_PAN_PROCESSING,WF_PAN_LIFECYCLE
apply for tax id and aadhaar ekyc pan,INSTANT_E_PAN,DEPT_INCOME_TAX,SUB_PAN_PROCESSING,WF_PAN_LIFECYCLE
We are residing in Hyderabad and applying for nsdl pan,INSTANT_E_PAN,DEPT_INCOME_TAX,SUB_PAN_PROCESSING,WF_PAN_LIFECYCLE
apply for form 49a and permanent account number,INSTANT_E_PAN,DEPT_INCOME_TAX,SUB_PAN_PROCESSING,WF_PAN_LIFECYCLE
apply for form 49a and 10 digit pan,INSTANT_E_PAN,DEPT_INCOME_TAX,SUB_PAN_PROCESSING,WF_PAN_LIFECYCLE
application form for pan correction in Hyderabad,INSTANT_E_PAN,DEPT_INCOME_TAX,SUB_PAN_PROCESSING,WF_PAN_LIFECYCLE
We are residing in Hyderabad and applying for pan correction,INSTANT_E_PAN,DEPT_INCOME_TAX,SUB_PAN_PROCESSING,WF_PAN_LIFECYCLE
All my eligibility documents are ready for mro office income,INCOME_CERTIFICATE,DEPT_REVENUE,SUB_TAHSILDAR_OFFICE,WF_REVENUE_CERT
We are residing in Rangareddy and applying for below 2 lakh income,INCOME_CERTIFICATE,DEPT_REVENUE,SUB_TAHSILDAR_OFFICE,WF_REVENUE_CERT
We are residing in Warangal and applying for low income certificate,INCOME_CERTIFICATE,DEPT_REVENUE,SUB_TAHSILDAR_OFFICE,WF_REVENUE_CERT
apply for low income certificate and income certificate,INCOME_CERTIFICATE,DEPT_REVENUE,SUB_TAHSILDAR_OFFICE,WF_REVENUE_CERT
government scheme income verification for welfare,INCOME_CERTIFICATE,DEPT_REVENUE,SUB_TAHSILDAR_OFFICE,WF_REVENUE_CERT
How to apply online for income certificate on official portal,INCOME_CERTIFICATE,DEPT_REVENUE,SUB_TAHSILDAR_OFFICE,WF_REVENUE_CERT
apply for annual income and vro enquiry income,INCOME_CERTIFICATE,DEPT_REVENUE,SUB_TAHSILDAR_OFFICE,WF_REVENUE_CERT
I want to apply for low income certificate in Karimnagar,INCOME_CERTIFICATE,DEPT_REVENUE,SUB_TAHSILDAR_OFFICE,WF_REVENUE_CERT
Kindly sanction mro office income for eligible applicant,INCOME_CERTIFICATE,DEPT_REVENUE,SUB_TAHSILDAR_OFFICE,WF_REVENUE_CERT
apply for annual income and poverty line certificate,INCOME_CERTIFICATE,DEPT_REVENUE,SUB_TAHSILDAR_OFFICE,WF_REVENUE_CERT
Submission of required proofs for annual income,INCOME_CERTIFICATE,DEPT_REVENUE,SUB_TAHSILDAR_OFFICE,WF_REVENUE_CERT
All my eligibility documents are ready for ews income proof,INCOME_CERTIFICATE,DEPT_REVENUE,SUB_TAHSILDAR_OFFICE,WF_REVENUE_CERT
We are residing in Medchal and applying for income verification,INCOME_CERTIFICATE,DEPT_REVENUE,SUB_TAHSILDAR_OFFICE,WF_REVENUE_CERT
Please process my vro enquiry income application urgently,INCOME_CERTIFICATE,DEPT_REVENUE,SUB_TAHSILDAR_OFFICE,WF_REVENUE_CERT
how to register tahsildar online without fee,INCOME_CERTIFICATE,DEPT_REVENUE,SUB_TAHSILDAR_OFFICE,WF_REVENUE_CERT
Online registration for vro enquiry income on state portal,INCOME_CERTIFICATE,DEPT_REVENUE,SUB_TAHSILDAR_OFFICE,WF_REVENUE_CERT
Can I get salary certificate revenue support for this year,INCOME_CERTIFICATE,DEPT_REVENUE,SUB_TAHSILDAR_OFFICE,WF_REVENUE_CERT
Please process my income certificate application urgently,INCOME_CERTIFICATE,DEPT_REVENUE,SUB_TAHSILDAR_OFFICE,WF_REVENUE_CERT
Need official assistance regarding vro enquiry income application,INCOME_CERTIFICATE,DEPT_REVENUE,SUB_TAHSILDAR_OFFICE,WF_REVENUE_CERT
Hello officer please guide me for vro enquiry income,INCOME_CERTIFICATE,DEPT_REVENUE,SUB_TAHSILDAR_OFFICE,WF_REVENUE_CERT
apply for salary certificate revenue and annual income,INCOME_CERTIFICATE,DEPT_REVENUE,SUB_TAHSILDAR_OFFICE,WF_REVENUE_CERT
Need financial help and ews income proof as soon as possible,INCOME_CERTIFICATE,DEPT_REVENUE,SUB_TAHSILDAR_OFFICE,WF_REVENUE_CERT
All my eligibility documents are ready for income verification,INCOME_CERTIFICATE,DEPT_REVENUE,SUB_TAHSILDAR_OFFICE,WF_REVENUE_CERT
i am eligible for below 2 lakh income uploaded all proofs,INCOME_CERTIFICATE,DEPT_REVENUE,SUB_TAHSILDAR_OFFICE,WF_REVENUE_CERT
apply for income certificate and low income certificate,INCOME_CERTIFICATE,DEPT_REVENUE,SUB_TAHSILDAR_OFFICE,WF_REVENUE_CERT
Submission of required proofs for low income certificate,INCOME_CERTIFICATE,DEPT_REVENUE,SUB_TAHSILDAR_OFFICE,WF_REVENUE_CERT
application form for low income certificate in Hyderabad,INCOME_CERTIFICATE,DEPT_REVENUE,SUB_TAHSILDAR_OFFICE,WF_REVENUE_CERT
apply for annual income and below 2 lakh income,INCOME_CERTIFICATE,DEPT_REVENUE,SUB_TAHSILDAR_OFFICE,WF_REVENUE_CERT
apply for low income certificate and annual income,INCOME_CERTIFICATE,DEPT_REVENUE,SUB_TAHSILDAR_OFFICE,WF_REVENUE_CERT
apply for mro office income and salary certificate revenue,INCOME_CERTIFICATE,DEPT_REVENUE,SUB_TAHSILDAR_OFFICE,WF_REVENUE_CERT
I want to apply for family income proof in Karimnagar,INCOME_CERTIFICATE,DEPT_REVENUE,SUB_TAHSILDAR_OFFICE,WF_REVENUE_CERT
Need financial help and family income proof as soon as possible,INCOME_CERTIFICATE,DEPT_REVENUE,SUB_TAHSILDAR_OFFICE,WF_REVENUE_CERT
how to register below 2 lakh income online without fee,INCOME_CERTIFICATE,DEPT_REVENUE,SUB_TAHSILDAR_OFFICE,WF_REVENUE_CERT
apply for below 2 lakh income and ews income proof,INCOME_CERTIFICATE,DEPT_REVENUE,SUB_TAHSILDAR_OFFICE,WF_REVENUE_CERT
apply for below 2 lakh income and low income certificate,INCOME_CERTIFICATE,DEPT_REVENUE,SUB_TAHSILDAR_OFFICE,WF_REVENUE_CERT
Application for annual income under government rules,INCOME_CERTIFICATE,DEPT_REVENUE,SUB_TAHSILDAR_OFFICE,WF_REVENUE_CERT
My income certificate request is pending for approval please check,INCOME_CERTIFICATE,DEPT_REVENUE,SUB_TAHSILDAR_OFFICE,WF_REVENUE_CERT
Kindly verify my details and approve low income certificate,INCOME_CERTIFICATE,DEPT_REVENUE,SUB_TAHSILDAR_OFFICE,WF_REVENUE_CERT
We are residing in Medchal and applying for income certificate,INCOME_CERTIFICATE,DEPT_REVENUE,SUB_TAHSILDAR_OFFICE,WF_REVENUE_CERT
apply for meeseva income and annual income,INCOME_CERTIFICATE,DEPT_REVENUE,SUB_TAHSILDAR_OFFICE,WF_REVENUE_CERT
apply for meeseva income and patwari income report,INCOME_CERTIFICATE,DEPT_REVENUE,SUB_TAHSILDAR_OFFICE,WF_REVENUE_CERT
apply for poverty line certificate and below 2 lakh income,INCOME_CERTIFICATE,DEPT_REVENUE,SUB_TAHSILDAR_OFFICE,WF_REVENUE_CERT
apply for below 2 lakh income and below 2 lakh income,INCOME_CERTIFICATE,DEPT_REVENUE,SUB_TAHSILDAR_OFFICE,WF_REVENUE_CERT
I want to apply for salary certificate revenue in Warangal,INCOME_CERTIFICATE,DEPT_REVENUE,SUB_TAHSILDAR_OFFICE,WF_REVENUE_CERT
government scheme patwari income report for welfare,INCOME_CERTIFICATE,DEPT_REVENUE,SUB_TAHSILDAR_OFFICE,WF_REVENUE_CERT
apply for patwari income report and salary certificate revenue,INCOME_CERTIFICATE,DEPT_REVENUE,SUB_TAHSILDAR_OFFICE,WF_REVENUE_CERT
URGENT: Requesting immediate approval for family income proof,INCOME_CERTIFICATE,DEPT_REVENUE,SUB_TAHSILDAR_OFFICE,WF_REVENUE_CERT
Need official assistance regarding family income proof application,INCOME_CERTIFICATE,DEPT_REVENUE,SUB_TAHSILDAR_OFFICE,WF_REVENUE_CERT
URGENT: Requesting immediate approval for tahsildar,INCOME_CERTIFICATE,DEPT_REVENUE,SUB_TAHSILDAR_OFFICE,WF_REVENUE_CERT
URGENT: Requesting immediate approval for patwari income report,INCOME_CERTIFICATE,DEPT_REVENUE,SUB_TAHSILDAR_OFFICE,WF_REVENUE_CERT
Application for poverty line certificate under government rules,INCOME_CERTIFICATE,DEPT_REVENUE,SUB_TAHSILDAR_OFFICE,WF_REVENUE_CERT
I want to apply for low income certificate in Warangal,INCOME_CERTIFICATE,DEPT_REVENUE,SUB_TAHSILDAR_OFFICE,WF_REVENUE_CERT
apply for family income proof and income verification,INCOME_CERTIFICATE,DEPT_REVENUE,SUB_TAHSILDAR_OFFICE,WF_REVENUE_CERT
apply for low income certificate and tahsildar,INCOME_CERTIFICATE,DEPT_REVENUE,SUB_TAHSILDAR_OFFICE,WF_REVENUE_CERT
i am eligible for annual income uploaded all proofs,INCOME_CERTIFICATE,DEPT_REVENUE,SUB_TAHSILDAR_OFFICE,WF_REVENUE_CERT
apply for annual income and mro office income,INCOME_CERTIFICATE,DEPT_REVENUE,SUB_TAHSILDAR_OFFICE,WF_REVENUE_CERT
my income certificate was submitted kindly do the needful,INCOME_CERTIFICATE,DEPT_REVENUE,SUB_TAHSILDAR_OFFICE,WF_REVENUE_CERT
Uploaded documents for family income proof verification,INCOME_CERTIFICATE,DEPT_REVENUE,SUB_TAHSILDAR_OFFICE,WF_REVENUE_CERT
apply for salary certificate revenue and income certificate,INCOME_CERTIFICATE,DEPT_REVENUE,SUB_TAHSILDAR_OFFICE,WF_REVENUE_CERT
URGENT: Requesting immediate approval for mro office income,INCOME_CERTIFICATE,DEPT_REVENUE,SUB_TAHSILDAR_OFFICE,WF_REVENUE_CERT
We are residing in Karimnagar and applying for income verification,INCOME_CERTIFICATE,DEPT_REVENUE,SUB_TAHSILDAR_OFFICE,WF_REVENUE_CERT
apply for low income certificate and vro enquiry income,INCOME_CERTIFICATE,DEPT_REVENUE,SUB_TAHSILDAR_OFFICE,WF_REVENUE_CERT
apply for vro enquiry income and income certificate,INCOME_CERTIFICATE,DEPT_REVENUE,SUB_TAHSILDAR_OFFICE,WF_REVENUE_CERT
I want to apply for poverty line certificate in Warangal,INCOME_CERTIFICATE,DEPT_REVENUE,SUB_TAHSILDAR_OFFICE,WF_REVENUE_CERT
apply for income verification and annual income,INCOME_CERTIFICATE,DEPT_REVENUE,SUB_TAHSILDAR_OFFICE,WF_REVENUE_CERT
apply for income certificate and tahsildar,INCOME_CERTIFICATE,DEPT_REVENUE,SUB_TAHSILDAR_OFFICE,WF_REVENUE_CERT
apply for patwari income report and income verification,INCOME_CERTIFICATE,DEPT_REVENUE,SUB_TAHSILDAR_OFFICE,WF_REVENUE_CERT
I want to apply for vro enquiry income in Hyderabad,INCOME_CERTIFICATE,DEPT_REVENUE,SUB_TAHSILDAR_OFFICE,WF_REVENUE_CERT
apply for meeseva income and income certificate,INCOME_CERTIFICATE,DEPT_REVENUE,SUB_TAHSILDAR_OFFICE,WF_REVENUE_CERT
I want to apply for below 2 lakh income in Rangareddy,INCOME_CERTIFICATE,DEPT_REVENUE,SUB_TAHSILDAR_OFFICE,WF_REVENUE_CERT
Family annual income is low need annual income benefit,INCOME_CERTIFICATE,DEPT_REVENUE,SUB_TAHSILDAR_OFFICE,WF_REVENUE_CERT
apply for salary certificate revenue and meeseva income,INCOME_CERTIFICATE,DEPT_REVENUE,SUB_TAHSILDAR_OFFICE,WF_REVENUE_CERT
government scheme family income proof for welfare,INCOME_CERTIFICATE,DEPT_REVENUE,SUB_TAHSILDAR_OFFICE,WF_REVENUE_CERT
apply for low income certificate and below 2 lakh income,INCOME_CERTIFICATE,DEPT_REVENUE,SUB_TAHSILDAR_OFFICE,WF_REVENUE_CERT
We are residing in Rangareddy and applying for annual income,INCOME_CERTIFICATE,DEPT_REVENUE,SUB_TAHSILDAR_OFFICE,WF_REVENUE_CERT
apply for income verification and low income certificate,INCOME_CERTIFICATE,DEPT_REVENUE,SUB_TAHSILDAR_OFFICE,WF_REVENUE_CERT
Kindly verify my details and approve tahsildar,INCOME_CERTIFICATE,DEPT_REVENUE,SUB_TAHSILDAR_OFFICE,WF_REVENUE_CERT
apply for annual income and tahsildar,INCOME_CERTIFICATE,DEPT_REVENUE,SUB_TAHSILDAR_OFFICE,WF_REVENUE_CERT
I want to apply for patwari income report in Rangareddy,INCOME_CERTIFICATE,DEPT_REVENUE,SUB_TAHSILDAR_OFFICE,WF_REVENUE_CERT
I want to apply for income certificate in Karimnagar,INCOME_CERTIFICATE,DEPT_REVENUE,SUB_TAHSILDAR_OFFICE,WF_REVENUE_CERT
respected officer please approve below 2 lakh income,INCOME_CERTIFICATE,DEPT_REVENUE,SUB_TAHSILDAR_OFFICE,WF_REVENUE_CERT
I want to apply for family income proof in Medchal,INCOME_CERTIFICATE,DEPT_REVENUE,SUB_TAHSILDAR_OFFICE,WF_REVENUE_CERT
Can I get income verification support for this year,INCOME_CERTIFICATE,DEPT_REVENUE,SUB_TAHSILDAR_OFFICE,WF_REVENUE_CERT
I want to apply for annual income in Medchal,INCOME_CERTIFICATE,DEPT_REVENUE,SUB_TAHSILDAR_OFFICE,WF_REVENUE_CERT
Uploaded documents for income certificate verification,INCOME_CERTIFICATE,DEPT_REVENUE,SUB_TAHSILDAR_OFFICE,WF_REVENUE_CERT
application form for salary certificate revenue in Hyderabad,INCOME_CERTIFICATE,DEPT_REVENUE,SUB_TAHSILDAR_OFFICE,WF_REVENUE_CERT
Looking for government portal to apply salary certificate revenue,INCOME_CERTIFICATE,DEPT_REVENUE,SUB_TAHSILDAR_OFFICE,WF_REVENUE_CERT
apply for mro office income and patwari income report,INCOME_CERTIFICATE,DEPT_REVENUE,SUB_TAHSILDAR_OFFICE,WF_REVENUE_CERT
Kindly verify my details and approve mro office income,INCOME_CERTIFICATE,DEPT_REVENUE,SUB_TAHSILDAR_OFFICE,WF_REVENUE_CERT
Hello officer please guide me for mro office income,INCOME_CERTIFICATE,DEPT_REVENUE,SUB_TAHSILDAR_OFFICE,WF_REVENUE_CERT
We are residing in Warangal and applying for mro office income,INCOME_CERTIFICATE,DEPT_REVENUE,SUB_TAHSILDAR_OFFICE,WF_REVENUE_CERT
We are residing in Rangareddy and applying for income certificate,INCOME_CERTIFICATE,DEPT_REVENUE,SUB_TAHSILDAR_OFFICE,WF_REVENUE_CERT
Can I get tahsildar support for this year,INCOME_CERTIFICATE,DEPT_REVENUE,SUB_TAHSILDAR_OFFICE,WF_REVENUE_CERT
Kindly verify my details and approve patwari income report,INCOME_CERTIFICATE,DEPT_REVENUE,SUB_TAHSILDAR_OFFICE,WF_REVENUE_CERT
i am eligible for vro enquiry income uploaded all proofs,INCOME_CERTIFICATE,DEPT_REVENUE,SUB_TAHSILDAR_OFFICE,WF_REVENUE_CERT
Online registration for family income proof on state portal,INCOME_CERTIFICATE,DEPT_REVENUE,SUB_TAHSILDAR_OFFICE,WF_REVENUE_CERT
Kindly verify my details and approve salary certificate revenue,INCOME_CERTIFICATE,DEPT_REVENUE,SUB_TAHSILDAR_OFFICE,WF_REVENUE_CERT
We are residing in Hyderabad and applying for income verification,INCOME_CERTIFICATE,DEPT_REVENUE,SUB_TAHSILDAR_OFFICE,WF_REVENUE_CERT
Looking for government portal to apply patwari income report,INCOME_CERTIFICATE,DEPT_REVENUE,SUB_TAHSILDAR_OFFICE,WF_REVENUE_CERT
Online registration for ews income proof on state portal,INCOME_CERTIFICATE,DEPT_REVENUE,SUB_TAHSILDAR_OFFICE,WF_REVENUE_CERT
Application for below 2 lakh income under government rules,INCOME_CERTIFICATE,DEPT_REVENUE,SUB_TAHSILDAR_OFFICE,WF_REVENUE_CERT
apply for low income certificate and family income proof,INCOME_CERTIFICATE,DEPT_REVENUE,SUB_TAHSILDAR_OFFICE,WF_REVENUE_CERT
apply for ews income proof and poverty line certificate,INCOME_CERTIFICATE,DEPT_REVENUE,SUB_TAHSILDAR_OFFICE,WF_REVENUE_CERT
URGENT: Requesting immediate approval for annual income,INCOME_CERTIFICATE,DEPT_REVENUE,SUB_TAHSILDAR_OFFICE,WF_REVENUE_CERT
Uploaded documents for mro office income verification,INCOME_CERTIFICATE,DEPT_REVENUE,SUB_TAHSILDAR_OFFICE,WF_REVENUE_CERT
Submission of required proofs for poverty line certificate,INCOME_CERTIFICATE,DEPT_REVENUE,SUB_TAHSILDAR_OFFICE,WF_REVENUE_CERT
apply for patwari income report and meeseva income,INCOME_CERTIFICATE,DEPT_REVENUE,SUB_TAHSILDAR_OFFICE,WF_REVENUE_CERT
respected officer please approve family income proof,INCOME_CERTIFICATE,DEPT_REVENUE,SUB_TAHSILDAR_OFFICE,WF_REVENUE_CERT
apply for patwari income report and low income certificate,INCOME_CERTIFICATE,DEPT_REVENUE,SUB_TAHSILDAR_OFFICE,WF_REVENUE_CERT
Can I get annual income support for this year,INCOME_CERTIFICATE,DEPT_REVENUE,SUB_TAHSILDAR_OFFICE,WF_REVENUE_CERT
Uploaded documents for tahsildar verification,INCOME_CERTIFICATE,DEPT_REVENUE,SUB_TAHSILDAR_OFFICE,WF_REVENUE_CERT
my ews income proof was submitted kindly do the needful,INCOME_CERTIFICATE,DEPT_REVENUE,SUB_TAHSILDAR_OFFICE,WF_REVENUE_CERT
All my eligibility documents are ready for vro enquiry income,INCOME_CERTIFICATE,DEPT_REVENUE,SUB_TAHSILDAR_OFFICE,WF_REVENUE_CERT
my annual income was submitted kindly do the needful,INCOME_CERTIFICATE,DEPT_REVENUE,SUB_TAHSILDAR_OFFICE,WF_REVENUE_CERT
We are residing in Hyderabad and applying for family income proof,INCOME_CERTIFICATE,DEPT_REVENUE,SUB_TAHSILDAR_OFFICE,WF_REVENUE_CERT
I want to apply for ews income proof in Medchal,INCOME_CERTIFICATE,DEPT_REVENUE,SUB_TAHSILDAR_OFFICE,WF_REVENUE_CERT
apply for patwari income report and income certificate,INCOME_CERTIFICATE,DEPT_REVENUE,SUB_TAHSILDAR_OFFICE,WF_REVENUE_CERT
Kindly sanction income certificate for eligible applicant,INCOME_CERTIFICATE,DEPT_REVENUE,SUB_TAHSILDAR_OFFICE,WF_REVENUE_CERT
Online registration for income verification on state portal,INCOME_CERTIFICATE,DEPT_REVENUE,SUB_TAHSILDAR_OFFICE,WF_REVENUE_CERT
Kindly verify my details and approve income certificate,INCOME_CERTIFICATE,DEPT_REVENUE,SUB_TAHSILDAR_OFFICE,WF_REVENUE_CERT
apply for tahsildar and patwari income report,INCOME_CERTIFICATE,DEPT_REVENUE,SUB_TAHSILDAR_OFFICE,WF_REVENUE_CERT
apply for below 2 lakh income and salary certificate revenue,INCOME_CERTIFICATE,DEPT_REVENUE,SUB_TAHSILDAR_OFFICE,WF_REVENUE_CERT
apply for vro enquiry income and ews income proof,INCOME_CERTIFICATE,DEPT_REVENUE,SUB_TAHSILDAR_OFFICE,WF_REVENUE_CERT
Hello officer please guide me for meeseva income,INCOME_CERTIFICATE,DEPT_REVENUE,SUB_TAHSILDAR_OFFICE,WF_REVENUE_CERT
respected officer please approve patwari income report,INCOME_CERTIFICATE,DEPT_REVENUE,SUB_TAHSILDAR_OFFICE,WF_REVENUE_CERT
urgent need of mro office income for poor family,INCOME_CERTIFICATE,DEPT_REVENUE,SUB_TAHSILDAR_OFFICE,WF_REVENUE_CERT
Please process my poverty line certificate application urgently,INCOME_CERTIFICATE,DEPT_REVENUE,SUB_TAHSILDAR_OFFICE,WF_REVENUE_CERT
government scheme meeseva income for welfare,INCOME_CERTIFICATE,DEPT_REVENUE,SUB_TAHSILDAR_OFFICE,WF_REVENUE_CERT
I want to apply for income certificate in Medchal,INCOME_CERTIFICATE,DEPT_REVENUE,SUB_TAHSILDAR_OFFICE,WF_REVENUE_CERT
I want to apply for low income certificate in Medchal,INCOME_CERTIFICATE,DEPT_REVENUE,SUB_TAHSILDAR_OFFICE,WF_REVENUE_CERT
apply for patwari income report and ews income proof,INCOME_CERTIFICATE,DEPT_REVENUE,SUB_TAHSILDAR_OFFICE,WF_REVENUE_CERT
apply for income verification and income certificate,INCOME_CERTIFICATE,DEPT_REVENUE,SUB_TAHSILDAR_OFFICE,WF_REVENUE_CERT
Hello officer please guide me for low income certificate,INCOME_CERTIFICATE,DEPT_REVENUE,SUB_TAHSILDAR_OFFICE,WF_REVENUE_CERT
My ews income proof request is pending for approval please check,INCOME_CERTIFICATE,DEPT_REVENUE,SUB_TAHSILDAR_OFFICE,WF_REVENUE_CERT
how to register mro office income online without fee,INCOME_CERTIFICATE,DEPT_REVENUE,SUB_TAHSILDAR_OFFICE,WF_REVENUE_CERT
We are residing in Karimnagar and applying for family income proof,INCOME_CERTIFICATE,DEPT_REVENUE,SUB_TAHSILDAR_OFFICE,WF_REVENUE_CERT
Looking for government portal to apply income verification,INCOME_CERTIFICATE,DEPT_REVENUE,SUB_TAHSILDAR_OFFICE,WF_REVENUE_CERT
apply for low income certificate and income verification,INCOME_CERTIFICATE,DEPT_REVENUE,SUB_TAHSILDAR_OFFICE,WF_REVENUE_CERT
Looking for government portal to apply poverty line certificate,INCOME_CERTIFICATE,DEPT_REVENUE,SUB_TAHSILDAR_OFFICE,WF_REVENUE_CERT
Hello officer please guide me for income certificate,INCOME_CERTIFICATE,DEPT_REVENUE,SUB_TAHSILDAR_OFFICE,WF_REVENUE_CERT
Application for patwari income report under government rules,INCOME_CERTIFICATE,DEPT_REVENUE,SUB_TAHSILDAR_OFFICE,WF_REVENUE_CERT
apply for below 2 lakh income and income certificate,INCOME_CERTIFICATE,DEPT_REVENUE,SUB_TAHSILDAR_OFFICE,WF_REVENUE_CERT
apply for mro office income and meeseva income,INCOME_CERTIFICATE,DEPT_REVENUE,SUB_TAHSILDAR_OFFICE,WF_REVENUE_CERT
How to apply online for ews income proof on official portal,INCOME_CERTIFICATE,DEPT_REVENUE,SUB_TAHSILDAR_OFFICE,WF_REVENUE_CERT
We are residing in Hyderabad and applying for income certificate,INCOME_CERTIFICATE,DEPT_REVENUE,SUB_TAHSILDAR_OFFICE,WF_REVENUE_CERT
Family annual income is low need below 2 lakh income benefit,INCOME_CERTIFICATE,DEPT_REVENUE,SUB_TAHSILDAR_OFFICE,WF_REVENUE_CERT
We are residing in Medchal and applying for poverty line certificate,INCOME_CERTIFICATE,DEPT_REVENUE,SUB_TAHSILDAR_OFFICE,WF_REVENUE_CERT
My mro office income request is pending for approval please check,INCOME_CERTIFICATE,DEPT_REVENUE,SUB_TAHSILDAR_OFFICE,WF_REVENUE_CERT
Uploaded documents for meeseva income verification,INCOME_CERTIFICATE,DEPT_REVENUE,SUB_TAHSILDAR_OFFICE,WF_REVENUE_CERT
I want to apply for vro enquiry income in Karimnagar,INCOME_CERTIFICATE,DEPT_REVENUE,SUB_TAHSILDAR_OFFICE,WF_REVENUE_CERT
I want to apply for income verification in Warangal,INCOME_CERTIFICATE,DEPT_REVENUE,SUB_TAHSILDAR_OFFICE,WF_REVENUE_CERT
I want to apply for meeseva income in Hyderabad,INCOME_CERTIFICATE,DEPT_REVENUE,SUB_TAHSILDAR_OFFICE,WF_REVENUE_CERT
Submission of required proofs for vro enquiry income,INCOME_CERTIFICATE,DEPT_REVENUE,SUB_TAHSILDAR_OFFICE,WF_REVENUE_CERT
apply for poverty line certificate and poverty line certificate,INCOME_CERTIFICATE,DEPT_REVENUE,SUB_TAHSILDAR_OFFICE,WF_REVENUE_CERT
Looking for government portal to apply family income proof,INCOME_CERTIFICATE,DEPT_REVENUE,SUB_TAHSILDAR_OFFICE,WF_REVENUE_CERT
apply for mro office income and annual income,INCOME_CERTIFICATE,DEPT_REVENUE,SUB_TAHSILDAR_OFFICE,WF_REVENUE_CERT
government scheme salary certificate revenue for welfare,INCOME_CERTIFICATE,DEPT_REVENUE,SUB_TAHSILDAR_OFFICE,WF_REVENUE_CERT
We are residing in Karimnagar and applying for poverty line certificate,INCOME_CERTIFICATE,DEPT_REVENUE,SUB_TAHSILDAR_OFFICE,WF_REVENUE_CERT
Please process my family income proof application urgently,INCOME_CERTIFICATE,DEPT_REVENUE,SUB_TAHSILDAR_OFFICE,WF_REVENUE_CERT
I want to apply for salary certificate revenue in Karimnagar,INCOME_CERTIFICATE,DEPT_REVENUE,SUB_TAHSILDAR_OFFICE,WF_REVENUE_CERT
Looking for government portal to apply mro office income,INCOME_CERTIFICATE,DEPT_REVENUE,SUB_TAHSILDAR_OFFICE,WF_REVENUE_CERT
How to apply online for meeseva income on official portal,INCOME_CERTIFICATE,DEPT_REVENUE,SUB_TAHSILDAR_OFFICE,WF_REVENUE_CERT
We are residing in Hyderabad and applying for meeseva income,INCOME_CERTIFICATE,DEPT_REVENUE,SUB_TAHSILDAR_OFFICE,WF_REVENUE_CERT
application form for below 2 lakh income in Hyderabad,INCOME_CERTIFICATE,DEPT_REVENUE,SUB_TAHSILDAR_OFFICE,WF_REVENUE_CERT
i am eligible for salary certificate revenue uploaded all proofs,INCOME_CERTIFICATE,DEPT_REVENUE,SUB_TAHSILDAR_OFFICE,WF_REVENUE_CERT
application form for meeseva income in Hyderabad,INCOME_CERTIFICATE,DEPT_REVENUE,SUB_TAHSILDAR_OFFICE,WF_REVENUE_CERT
apply for poverty line certificate and vro enquiry income,INCOME_CERTIFICATE,DEPT_REVENUE,SUB_TAHSILDAR_OFFICE,WF_REVENUE_CERT
apply for ews income proof and income verification,INCOME_CERTIFICATE,DEPT_REVENUE,SUB_TAHSILDAR_OFFICE,WF_REVENUE_CERT
apply for meeseva income and low income certificate,INCOME_CERTIFICATE,DEPT_REVENUE,SUB_TAHSILDAR_OFFICE,WF_REVENUE_CERT
i am eligible for meeseva income uploaded all proofs,INCOME_CERTIFICATE,DEPT_REVENUE,SUB_TAHSILDAR_OFFICE,WF_REVENUE_CERT
apply for ews income proof and annual income,INCOME_CERTIFICATE,DEPT_REVENUE,SUB_TAHSILDAR_OFFICE,WF_REVENUE_CERT
how to register meeseva income online without fee,INCOME_CERTIFICATE,DEPT_REVENUE,SUB_TAHSILDAR_OFFICE,WF_REVENUE_CERT
Respected sir kindly grant annual income for our family,INCOME_CERTIFICATE,DEPT_REVENUE,SUB_TAHSILDAR_OFFICE,WF_REVENUE_CERT
URGENT: Requesting immediate approval for vro enquiry income,INCOME_CERTIFICATE,DEPT_REVENUE,SUB_TAHSILDAR_OFFICE,WF_REVENUE_CERT
apply for poverty line certificate and patwari income report,INCOME_CERTIFICATE,DEPT_REVENUE,SUB_TAHSILDAR_OFFICE,WF_REVENUE_CERT
Respected sir kindly grant ews income proof for our family,INCOME_CERTIFICATE,DEPT_REVENUE,SUB_TAHSILDAR_OFFICE,WF_REVENUE_CERT
I want to apply for patwari income report in Hyderabad,INCOME_CERTIFICATE,DEPT_REVENUE,SUB_TAHSILDAR_OFFICE,WF_REVENUE_CERT
Submission of required proofs for income verification,INCOME_CERTIFICATE,DEPT_REVENUE,SUB_TAHSILDAR_OFFICE,WF_REVENUE_CERT
application form for annual income in Hyderabad,INCOME_CERTIFICATE,DEPT_REVENUE,SUB_TAHSILDAR_OFFICE,WF_REVENUE_CERT
apply for low income certificate and ews income proof,INCOME_CERTIFICATE,DEPT_REVENUE,SUB_TAHSILDAR_OFFICE,WF_REVENUE_CERT
My salary certificate revenue request is pending for approval please check,INCOME_CERTIFICATE,DEPT_REVENUE,SUB_TAHSILDAR_OFFICE,WF_REVENUE_CERT
my mro office income was submitted kindly do the needful,INCOME_CERTIFICATE,DEPT_REVENUE,SUB_TAHSILDAR_OFFICE,WF_REVENUE_CERT
apply for vro enquiry income and poverty line certificate,INCOME_CERTIFICATE,DEPT_REVENUE,SUB_TAHSILDAR_OFFICE,WF_REVENUE_CERT
Please process my patwari income report application urgently,INCOME_CERTIFICATE,DEPT_REVENUE,SUB_TAHSILDAR_OFFICE,WF_REVENUE_CERT
Need official assistance regarding meeseva income application,INCOME_CERTIFICATE,DEPT_REVENUE,SUB_TAHSILDAR_OFFICE,WF_REVENUE_CERT
I want to apply for income verification in Karimnagar,INCOME_CERTIFICATE,DEPT_REVENUE,SUB_TAHSILDAR_OFFICE,WF_REVENUE_CERT
apply for family income proof and ews income proof,INCOME_CERTIFICATE,DEPT_REVENUE,SUB_TAHSILDAR_OFFICE,WF_REVENUE_CERT
apply for tahsildar and ews income proof,INCOME_CERTIFICATE,DEPT_REVENUE,SUB_TAHSILDAR_OFFICE,WF_REVENUE_CERT
Kindly verify my details and approve family income proof,INCOME_CERTIFICATE,DEPT_REVENUE,SUB_TAHSILDAR_OFFICE,WF_REVENUE_CERT
Looking for government portal to apply low income certificate,INCOME_CERTIFICATE,DEPT_REVENUE,SUB_TAHSILDAR_OFFICE,WF_REVENUE_CERT
apply for patwari income report and family income proof,INCOME_CERTIFICATE,DEPT_REVENUE,SUB_TAHSILDAR_OFFICE,WF_REVENUE_CERT
Looking for government portal to apply ews income proof,INCOME_CERTIFICATE,DEPT_REVENUE,SUB_TAHSILDAR_OFFICE,WF_REVENUE_CERT
Uploaded documents for annual income verification,INCOME_CERTIFICATE,DEPT_REVENUE,SUB_TAHSILDAR_OFFICE,WF_REVENUE_CERT
Need financial help and tahsildar as soon as possible,INCOME_CERTIFICATE,DEPT_REVENUE,SUB_TAHSILDAR_OFFICE,WF_REVENUE_CERT
We are residing in Medchal and applying for mro office income,INCOME_CERTIFICATE,DEPT_REVENUE,SUB_TAHSILDAR_OFFICE,WF_REVENUE_CERT
apply for patwari income report and mro office income,INCOME_CERTIFICATE,DEPT_REVENUE,SUB_TAHSILDAR_OFFICE,WF_REVENUE_CERT
apply for family income proof and vro enquiry income,INCOME_CERTIFICATE,DEPT_REVENUE,SUB_TAHSILDAR_OFFICE,WF_REVENUE_CERT
apply for low income certificate and patwari income report,INCOME_CERTIFICATE,DEPT_REVENUE,SUB_TAHSILDAR_OFFICE,WF_REVENUE_CERT
apply for salary certificate revenue and ews income proof,INCOME_CERTIFICATE,DEPT_REVENUE,SUB_TAHSILDAR_OFFICE,WF_REVENUE_CERT
application form for tahsildar in Hyderabad,INCOME_CERTIFICATE,DEPT_REVENUE,SUB_TAHSILDAR_OFFICE,WF_REVENUE_CERT
i am eligible for poverty line certificate uploaded all proofs,INCOME_CERTIFICATE,DEPT_REVENUE,SUB_TAHSILDAR_OFFICE,WF_REVENUE_CERT
I want to apply for tahsildar in Rangareddy,INCOME_CERTIFICATE,DEPT_REVENUE,SUB_TAHSILDAR_OFFICE,WF_REVENUE_CERT
apply for ews income proof and vro enquiry income,INCOME_CERTIFICATE,DEPT_REVENUE,SUB_TAHSILDAR_OFFICE,WF_REVENUE_CERT
apply for tahsildar and salary certificate revenue,INCOME_CERTIFICATE,DEPT_REVENUE,SUB_TAHSILDAR_OFFICE,WF_REVENUE_CERT
i am eligible for income verification uploaded all proofs,INCOME_CERTIFICATE,DEPT_REVENUE,SUB_TAHSILDAR_OFFICE,WF_REVENUE_CERT
Kindly sanction below 2 lakh income for eligible applicant,INCOME_CERTIFICATE,DEPT_REVENUE,SUB_TAHSILDAR_OFFICE,WF_REVENUE_CERT
Please process my tahsildar application urgently,INCOME_CERTIFICATE,DEPT_REVENUE,SUB_TAHSILDAR_OFFICE,WF_REVENUE_CERT
We are residing in Hyderabad and applying for low income certificate,INCOME_CERTIFICATE,DEPT_REVENUE,SUB_TAHSILDAR_OFFICE,WF_REVENUE_CERT
My income verification request is pending for approval please check,INCOME_CERTIFICATE,DEPT_REVENUE,SUB_TAHSILDAR_OFFICE,WF_REVENUE_CERT
apply for below 2 lakh income and poverty line certificate,INCOME_CERTIFICATE,DEPT_REVENUE,SUB_TAHSILDAR_OFFICE,WF_REVENUE_CERT
I want to apply for annual income in Warangal,INCOME_CERTIFICATE,DEPT_REVENUE,SUB_TAHSILDAR_OFFICE,WF_REVENUE_CERT
application form for income verification in Hyderabad,INCOME_CERTIFICATE,DEPT_REVENUE,SUB_TAHSILDAR_OFFICE,WF_REVENUE_CERT
I want to apply for vro enquiry income in Rangareddy,INCOME_CERTIFICATE,DEPT_REVENUE,SUB_TAHSILDAR_OFFICE,WF_REVENUE_CERT
apply for family income proof and tahsildar,INCOME_CERTIFICATE,DEPT_REVENUE,SUB_TAHSILDAR_OFFICE,WF_REVENUE_CERT
apply for poverty line certificate and income certificate,INCOME_CERTIFICATE,DEPT_REVENUE,SUB_TAHSILDAR_OFFICE,WF_REVENUE_CERT
apply for family income proof and poverty line certificate,INCOME_CERTIFICATE,DEPT_REVENUE,SUB_TAHSILDAR_OFFICE,WF_REVENUE_CERT
I want to apply for tahsildar in Warangal,INCOME_CERTIFICATE,DEPT_REVENUE,SUB_TAHSILDAR_OFFICE,WF_REVENUE_CERT
Family annual income is low need family income proof benefit,INCOME_CERTIFICATE,DEPT_REVENUE,SUB_TAHSILDAR_OFFICE,WF_REVENUE_CERT
apply for income verification and income verification,INCOME_CERTIFICATE,DEPT_REVENUE,SUB_TAHSILDAR_OFFICE,WF_REVENUE_CERT
We are residing in Warangal and applying for vro enquiry income,INCOME_CERTIFICATE,DEPT_REVENUE,SUB_TAHSILDAR_OFFICE,WF_REVENUE_CERT
respected officer please approve income certificate,INCOME_CERTIFICATE,DEPT_REVENUE,SUB_TAHSILDAR_OFFICE,WF_REVENUE_CERT
We are residing in Medchal and applying for annual income,INCOME_CERTIFICATE,DEPT_REVENUE,SUB_TAHSILDAR_OFFICE,WF_REVENUE_CERT
I want to apply for poverty line certificate in Rangareddy,INCOME_CERTIFICATE,DEPT_REVENUE,SUB_TAHSILDAR_OFFICE,WF_REVENUE_CERT
Need financial help and income verification as soon as possible,INCOME_CERTIFICATE,DEPT_REVENUE,SUB_TAHSILDAR_OFFICE,WF_REVENUE_CERT
apply for family income proof and income certificate,INCOME_CERTIFICATE,DEPT_REVENUE,SUB_TAHSILDAR_OFFICE,WF_REVENUE_CERT
Online registration for patwari income report on state portal,INCOME_CERTIFICATE,DEPT_REVENUE,SUB_TAHSILDAR_OFFICE,WF_REVENUE_CERT
I want to apply for patwari income report in Karimnagar,INCOME_CERTIFICATE,DEPT_REVENUE,SUB_TAHSILDAR_OFFICE,WF_REVENUE_CERT
Kindly sanction poverty line certificate for eligible applicant,INCOME_CERTIFICATE,DEPT_REVENUE,SUB_TAHSILDAR_OFFICE,WF_REVENUE_CERT
apply for patwari income report and below 2 lakh income,INCOME_CERTIFICATE,DEPT_REVENUE,SUB_TAHSILDAR_OFFICE,WF_REVENUE_CERT
how to register salary certificate revenue online without fee,INCOME_CERTIFICATE,DEPT_REVENUE,SUB_TAHSILDAR_OFFICE,WF_REVENUE_CERT
My below 2 lakh income request is pending for approval please check,INCOME_CERTIFICATE,DEPT_REVENUE,SUB_TAHSILDAR_OFFICE,WF_REVENUE_CERT
Application for family income proof under government rules,INCOME_CERTIFICATE,DEPT_REVENUE,SUB_TAHSILDAR_OFFICE,WF_REVENUE_CERT
Need financial help and salary certificate revenue as soon as possible,INCOME_CERTIFICATE,DEPT_REVENUE,SUB_TAHSILDAR_OFFICE,WF_REVENUE_CERT
apply for ews income proof and patwari income report,INCOME_CERTIFICATE,DEPT_REVENUE,SUB_TAHSILDAR_OFFICE,WF_REVENUE_CERT
apply for annual income and salary certificate revenue,INCOME_CERTIFICATE,DEPT_REVENUE,SUB_TAHSILDAR_OFFICE,WF_REVENUE_CERT
I want to apply for family income proof in Rangareddy,INCOME_CERTIFICATE,DEPT_REVENUE,SUB_TAHSILDAR_OFFICE,WF_REVENUE_CERT
apply for vro enquiry income and below 2 lakh income,INCOME_CERTIFICATE,DEPT_REVENUE,SUB_TAHSILDAR_OFFICE,WF_REVENUE_CERT
Kindly verify my details and approve annual income,INCOME_CERTIFICATE,DEPT_REVENUE,SUB_TAHSILDAR_OFFICE,WF_REVENUE_CERT
my vro enquiry income was submitted kindly do the needful,INCOME_CERTIFICATE,DEPT_REVENUE,SUB_TAHSILDAR_OFFICE,WF_REVENUE_CERT
We are residing in Medchal and applying for salary certificate revenue,INCOME_CERTIFICATE,DEPT_REVENUE,SUB_TAHSILDAR_OFFICE,WF_REVENUE_CERT
Hello officer please guide me for ews income proof,INCOME_CERTIFICATE,DEPT_REVENUE,SUB_TAHSILDAR_OFFICE,WF_REVENUE_CERT
Please process my ews income proof application urgently,INCOME_CERTIFICATE,DEPT_REVENUE,SUB_TAHSILDAR_OFFICE,WF_REVENUE_CERT
apply for patwari income report and tahsildar,INCOME_CERTIFICATE,DEPT_REVENUE,SUB_TAHSILDAR_OFFICE,WF_REVENUE_CERT
We are residing in Warangal and applying for family income proof,INCOME_CERTIFICATE,DEPT_REVENUE,SUB_TAHSILDAR_OFFICE,WF_REVENUE_CERT
How to apply online for mro office income on official portal,INCOME_CERTIFICATE,DEPT_REVENUE,SUB_TAHSILDAR_OFFICE,WF_REVENUE_CERT
apply for dharani passbook and patta passbook,LAND_RECORD,DEPT_LAND_ADMIN,SUB_SURVEY_SETTLEMENT,WF_LAND_MUTATION
apply for land mutation and adangal copy,LAND_RECORD,DEPT_LAND_ADMIN,SUB_SURVEY_SETTLEMENT,WF_LAND_MUTATION
apply for khasra khatauni and pahani,LAND_RECORD,DEPT_LAND_ADMIN,SUB_SURVEY_SETTLEMENT,WF_LAND_MUTATION
apply for ror 1b and pahani,LAND_RECORD,DEPT_LAND_ADMIN,SUB_SURVEY_SETTLEMENT,WF_LAND_MUTATION
apply for land partition deed and land partition deed,LAND_RECORD,DEPT_LAND_ADMIN,SUB_SURVEY_SETTLEMENT,WF_LAND_MUTATION
apply for agriculture land title and adangal copy,LAND_RECORD,DEPT_LAND_ADMIN,SUB_SURVEY_SETTLEMENT,WF_LAND_MUTATION
apply for satbara 7/12 and land ownership copy,LAND_RECORD,DEPT_LAND_ADMIN,SUB_SURVEY_SETTLEMENT,WF_LAND_MUTATION
apply for land partition deed and survey number,LAND_RECORD,DEPT_LAND_ADMIN,SUB_SURVEY_SETTLEMENT,WF_LAND_MUTATION
All my eligibility documents are ready for succession mutation,LAND_RECORD,DEPT_LAND_ADMIN,SUB_SURVEY_SETTLEMENT,WF_LAND_MUTATION
Can I get land ownership copy support for this year,LAND_RECORD,DEPT_LAND_ADMIN,SUB_SURVEY_SETTLEMENT,WF_LAND_MUTATION
Family annual income is low need succession mutation benefit,LAND_RECORD,DEPT_LAND_ADMIN,SUB_SURVEY_SETTLEMENT,WF_LAND_MUTATION
respected officer please approve adangal copy,LAND_RECORD,DEPT_LAND_ADMIN,SUB_SURVEY_SETTLEMENT,WF_LAND_MUTATION
Please process my patta passbook application urgently,LAND_RECORD,DEPT_LAND_ADMIN,SUB_SURVEY_SETTLEMENT,WF_LAND_MUTATION
My land mutation request is pending for approval please check,LAND_RECORD,DEPT_LAND_ADMIN,SUB_SURVEY_SETTLEMENT,WF_LAND_MUTATION
How to apply online for ror 1b on official portal,LAND_RECORD,DEPT_LAND_ADMIN,SUB_SURVEY_SETTLEMENT,WF_LAND_MUTATION
how to register patta passbook online without fee,LAND_RECORD,DEPT_LAND_ADMIN,SUB_SURVEY_SETTLEMENT,WF_LAND_MUTATION
apply for land ownership copy and succession mutation,LAND_RECORD,DEPT_LAND_ADMIN,SUB_SURVEY_SETTLEMENT,WF_LAND_MUTATION
We are residing in Hyderabad and applying for pahani,LAND_RECORD,DEPT_LAND_ADMIN,SUB_SURVEY_SETTLEMENT,WF_LAND_MUTATION
Submission of required proofs for fmb sketch,LAND_RECORD,DEPT_LAND_ADMIN,SUB_SURVEY_SETTLEMENT,WF_LAND_MUTATION
apply for patta passbook and adangal copy,LAND_RECORD,DEPT_LAND_ADMIN,SUB_SURVEY_SETTLEMENT,WF_LAND_MUTATION
how to register satbara 7/12 online without fee,LAND_RECORD,DEPT_LAND_ADMIN,SUB_SURVEY_SETTLEMENT,WF_LAND_MUTATION
We are residing in Rangareddy and applying for land record,LAND_RECORD,DEPT_LAND_ADMIN,SUB_SURVEY_SETTLEMENT,WF_LAND_MUTATION
apply for survey number and land ownership copy,LAND_RECORD,DEPT_LAND_ADMIN,SUB_SURVEY_SETTLEMENT,WF_LAND_MUTATION
I want to apply for ror 1b in Warangal,LAND_RECORD,DEPT_LAND_ADMIN,SUB_SURVEY_SETTLEMENT,WF_LAND_MUTATION
apply for pahani and pahani,LAND_RECORD,DEPT_LAND_ADMIN,SUB_SURVEY_SETTLEMENT,WF_LAND_MUTATION
apply for land record and khasra khatauni,LAND_RECORD,DEPT_LAND_ADMIN,SUB_SURVEY_SETTLEMENT,WF_LAND_MUTATION
Online registration for succession mutation on state portal,LAND_RECORD,DEPT_LAND_ADMIN,SUB_SURVEY_SETTLEMENT,WF_LAND_MUTATION
Need financial help and land ownership copy as soon as possible,LAND_RECORD,DEPT_LAND_ADMIN,SUB_SURVEY_SETTLEMENT,WF_LAND_MUTATION
apply for pahani and ror 1b,LAND_RECORD,DEPT_LAND_ADMIN,SUB_SURVEY_SETTLEMENT,WF_LAND_MUTATION
how to register land mutation online without fee,LAND_RECORD,DEPT_LAND_ADMIN,SUB_SURVEY_SETTLEMENT,WF_LAND_MUTATION
Kindly verify my details and approve adangal copy,LAND_RECORD,DEPT_LAND_ADMIN,SUB_SURVEY_SETTLEMENT,WF_LAND_MUTATION
government scheme survey number for welfare,LAND_RECORD,DEPT_LAND_ADMIN,SUB_SURVEY_SETTLEMENT,WF_LAND_MUTATION
apply for succession mutation and land record,LAND_RECORD,DEPT_LAND_ADMIN,SUB_SURVEY_SETTLEMENT,WF_LAND_MUTATION
Looking for government portal to apply survey number,LAND_RECORD,DEPT_LAND_ADMIN,SUB_SURVEY_SETTLEMENT,WF_LAND_MUTATION
apply for agriculture land title and fmb sketch,LAND_RECORD,DEPT_LAND_ADMIN,SUB_SURVEY_SETTLEMENT,WF_LAND_MUTATION
All my eligibility documents are ready for pahani,LAND_RECORD,DEPT_LAND_ADMIN,SUB_SURVEY_SETTLEMENT,WF_LAND_MUTATION
Can I get pahani support for this year,LAND_RECORD,DEPT_LAND_ADMIN,SUB_SURVEY_SETTLEMENT,WF_LAND_MUTATION
Kindly sanction satbara 7/12 for eligible applicant,LAND_RECORD,DEPT_LAND_ADMIN,SUB_SURVEY_SETTLEMENT,WF_LAND_MUTATION
Application for adangal copy under government rules,LAND_RECORD,DEPT_LAND_ADMIN,SUB_SURVEY_SETTLEMENT,WF_LAND_MUTATION
how to register land partition deed online without fee,LAND_RECORD,DEPT_LAND_ADMIN,SUB_SURVEY_SETTLEMENT,WF_LAND_MUTATION
Need financial help and survey number as soon as possible,LAND_RECORD,DEPT_LAND_ADMIN,SUB_SURVEY_SETTLEMENT,WF_LAND_MUTATION
application form for land mutation in Hyderabad,LAND_RECORD,DEPT_LAND_ADMIN,SUB_SURVEY_SETTLEMENT,WF_LAND_MUTATION
Uploaded documents for land mutation verification,LAND_RECORD,DEPT_LAND_ADMIN,SUB_SURVEY_SETTLEMENT,WF_LAND_MUTATION
Hello officer please guide me for khasra khatauni,LAND_RECORD,DEPT_LAND_ADMIN,SUB_SURVEY_SETTLEMENT,WF_LAND_MUTATION
apply for agriculture land title and dharani passbook,LAND_RECORD,DEPT_LAND_ADMIN,SUB_SURVEY_SETTLEMENT,WF_LAND_MUTATION
Online registration for ror 1b on state portal,LAND_RECORD,DEPT_LAND_ADMIN,SUB_SURVEY_SETTLEMENT,WF_LAND_MUTATION
Kindly verify my details and approve patta passbook,LAND_RECORD,DEPT_LAND_ADMIN,SUB_SURVEY_SETTLEMENT,WF_LAND_MUTATION
apply for pahani and land mutation,LAND_RECORD,DEPT_LAND_ADMIN,SUB_SURVEY_SETTLEMENT,WF_LAND_MUTATION
We are residing in Hyderabad and applying for land mutation,LAND_RECORD,DEPT_LAND_ADMIN,SUB_SURVEY_SETTLEMENT,WF_LAND_MUTATION
Looking for government portal to apply land mutation,LAND_RECORD,DEPT_LAND_ADMIN,SUB_SURVEY_SETTLEMENT,WF_LAND_MUTATION
apply for dharani passbook and satbara 7/12,LAND_RECORD,DEPT_LAND_ADMIN,SUB_SURVEY_SETTLEMENT,WF_LAND_MUTATION
All my eligibility documents are ready for land mutation,LAND_RECORD,DEPT_LAND_ADMIN,SUB_SURVEY_SETTLEMENT,WF_LAND_MUTATION
How to apply online for fmb sketch on official portal,LAND_RECORD,DEPT_LAND_ADMIN,SUB_SURVEY_SETTLEMENT,WF_LAND_MUTATION
apply for agriculture land title and land ownership copy,LAND_RECORD,DEPT_LAND_ADMIN,SUB_SURVEY_SETTLEMENT,WF_LAND_MUTATION
my fmb sketch was submitted kindly do the needful,LAND_RECORD,DEPT_LAND_ADMIN,SUB_SURVEY_SETTLEMENT,WF_LAND_MUTATION
I want to apply for adangal copy in Medchal,LAND_RECORD,DEPT_LAND_ADMIN,SUB_SURVEY_SETTLEMENT,WF_LAND_MUTATION
Submission of required proofs for dharani passbook,LAND_RECORD,DEPT_LAND_ADMIN,SUB_SURVEY_SETTLEMENT,WF_LAND_MUTATION
Application for pahani under government rules,LAND_RECORD,DEPT_LAND_ADMIN,SUB_SURVEY_SETTLEMENT,WF_LAND_MUTATION
apply for patta passbook and khasra khatauni,LAND_RECORD,DEPT_LAND_ADMIN,SUB_SURVEY_SETTLEMENT,WF_LAND_MUTATION
We are residing in Hyderabad and applying for khasra khatauni,LAND_RECORD,DEPT_LAND_ADMIN,SUB_SURVEY_SETTLEMENT,WF_LAND_MUTATION
apply for agriculture land title and patta passbook,LAND_RECORD,DEPT_LAND_ADMIN,SUB_SURVEY_SETTLEMENT,WF_LAND_MUTATION
i am eligible for survey number uploaded all proofs,LAND_RECORD,DEPT_LAND_ADMIN,SUB_SURVEY_SETTLEMENT,WF_LAND_MUTATION
We are residing in Medchal and applying for ror 1b,LAND_RECORD,DEPT_LAND_ADMIN,SUB_SURVEY_SETTLEMENT,WF_LAND_MUTATION
application form for ror 1b in Hyderabad,LAND_RECORD,DEPT_LAND_ADMIN,SUB_SURVEY_SETTLEMENT,WF_LAND_MUTATION
application form for dharani passbook in Hyderabad,LAND_RECORD,DEPT_LAND_ADMIN,SUB_SURVEY_SETTLEMENT,WF_LAND_MUTATION
I want to apply for dharani passbook in Karimnagar,LAND_RECORD,DEPT_LAND_ADMIN,SUB_SURVEY_SETTLEMENT,WF_LAND_MUTATION
Can I get fmb sketch support for this year,LAND_RECORD,DEPT_LAND_ADMIN,SUB_SURVEY_SETTLEMENT,WF_LAND_MUTATION
Kindly verify my details and approve land mutation,LAND_RECORD,DEPT_LAND_ADMIN,SUB_SURVEY_SETTLEMENT,WF_LAND_MUTATION
Kindly verify my details and approve satbara 7/12,LAND_RECORD,DEPT_LAND_ADMIN,SUB_SURVEY_SETTLEMENT,WF_LAND_MUTATION
URGENT: Requesting immediate approval for survey number,LAND_RECORD,DEPT_LAND_ADMIN,SUB_SURVEY_SETTLEMENT,WF_LAND_MUTATION
Application for dharani passbook under government rules,LAND_RECORD,DEPT_LAND_ADMIN,SUB_SURVEY_SETTLEMENT,WF_LAND_MUTATION
apply for ror 1b and survey number,LAND_RECORD,DEPT_LAND_ADMIN,SUB_SURVEY_SETTLEMENT,WF_LAND_MUTATION
All my eligibility documents are ready for patta passbook,LAND_RECORD,DEPT_LAND_ADMIN,SUB_SURVEY_SETTLEMENT,WF_LAND_MUTATION
apply for land ownership copy and satbara 7/12,LAND_RECORD,DEPT_LAND_ADMIN,SUB_SURVEY_SETTLEMENT,WF_LAND_MUTATION
Looking for government portal to apply fmb sketch,LAND_RECORD,DEPT_LAND_ADMIN,SUB_SURVEY_SETTLEMENT,WF_LAND_MUTATION
Kindly verify my details and approve land partition deed,LAND_RECORD,DEPT_LAND_ADMIN,SUB_SURVEY_SETTLEMENT,WF_LAND_MUTATION
Need official assistance regarding ror 1b application,LAND_RECORD,DEPT_LAND_ADMIN,SUB_SURVEY_SETTLEMENT,WF_LAND_MUTATION
apply for khasra khatauni and succession mutation,LAND_RECORD,DEPT_LAND_ADMIN,SUB_SURVEY_SETTLEMENT,WF_LAND_MUTATION
Application for agriculture land title under government rules,LAND_RECORD,DEPT_LAND_ADMIN,SUB_SURVEY_SETTLEMENT,WF_LAND_MUTATION
apply for dharani passbook and fmb sketch,LAND_RECORD,DEPT_LAND_ADMIN,SUB_SURVEY_SETTLEMENT,WF_LAND_MUTATION
government scheme dharani passbook for welfare,LAND_RECORD,DEPT_LAND_ADMIN,SUB_SURVEY_SETTLEMENT,WF_LAND_MUTATION
We are residing in Rangareddy and applying for land mutation,LAND_RECORD,DEPT_LAND_ADMIN,SUB_SURVEY_SETTLEMENT,WF_LAND_MUTATION
application form for agriculture land title in Hyderabad,LAND_RECORD,DEPT_LAND_ADMIN,SUB_SURVEY_SETTLEMENT,WF_LAND_MUTATION
apply for adangal copy and land record,LAND_RECORD,DEPT_LAND_ADMIN,SUB_SURVEY_SETTLEMENT,WF_LAND_MUTATION
apply for ror 1b and adangal copy,LAND_RECORD,DEPT_LAND_ADMIN,SUB_SURVEY_SETTLEMENT,WF_LAND_MUTATION
I want to apply for fmb sketch in Hyderabad,LAND_RECORD,DEPT_LAND_ADMIN,SUB_SURVEY_SETTLEMENT,WF_LAND_MUTATION
apply for fmb sketch and adangal copy,LAND_RECORD,DEPT_LAND_ADMIN,SUB_SURVEY_SETTLEMENT,WF_LAND_MUTATION
URGENT: Requesting immediate approval for adangal copy,LAND_RECORD,DEPT_LAND_ADMIN,SUB_SURVEY_SETTLEMENT,WF_LAND_MUTATION
apply for land mutation and survey number,LAND_RECORD,DEPT_LAND_ADMIN,SUB_SURVEY_SETTLEMENT,WF_LAND_MUTATION
Kindly sanction land ownership copy for eligible applicant,LAND_RECORD,DEPT_LAND_ADMIN,SUB_SURVEY_SETTLEMENT,WF_LAND_MUTATION
Application for succession mutation under government rules,LAND_RECORD,DEPT_LAND_ADMIN,SUB_SURVEY_SETTLEMENT,WF_LAND_MUTATION
Uploaded documents for land partition deed verification,LAND_RECORD,DEPT_LAND_ADMIN,SUB_SURVEY_SETTLEMENT,WF_LAND_MUTATION
We are residing in Karimnagar and applying for satbara 7/12,LAND_RECORD,DEPT_LAND_ADMIN,SUB_SURVEY_SETTLEMENT,WF_LAND_MUTATION
We are residing in Karimnagar and applying for pahani,LAND_RECORD,DEPT_LAND_ADMIN,SUB_SURVEY_SETTLEMENT,WF_LAND_MUTATION
Online registration for agriculture land title on state portal,LAND_RECORD,DEPT_LAND_ADMIN,SUB_SURVEY_SETTLEMENT,WF_LAND_MUTATION
how to register adangal copy online without fee,LAND_RECORD,DEPT_LAND_ADMIN,SUB_SURVEY_SETTLEMENT,WF_LAND_MUTATION
apply for land ownership copy and dharani passbook,LAND_RECORD,DEPT_LAND_ADMIN,SUB_SURVEY_SETTLEMENT,WF_LAND_MUTATION
apply for fmb sketch and survey number,LAND_RECORD,DEPT_LAND_ADMIN,SUB_SURVEY_SETTLEMENT,WF_LAND_MUTATION
I want to apply for survey number in Warangal,LAND_RECORD,DEPT_LAND_ADMIN,SUB_SURVEY_SETTLEMENT,WF_LAND_MUTATION
apply for land ownership copy and pahani,LAND_RECORD,DEPT_LAND_ADMIN,SUB_SURVEY_SETTLEMENT,WF_LAND_MUTATION
I want to apply for pahani in Medchal,LAND_RECORD,DEPT_LAND_ADMIN,SUB_SURVEY_SETTLEMENT,WF_LAND_MUTATION
apply for satbara 7/12 and pahani,LAND_RECORD,DEPT_LAND_ADMIN,SUB_SURVEY_SETTLEMENT,WF_LAND_MUTATION
government scheme succession mutation for welfare,LAND_RECORD,DEPT_LAND_ADMIN,SUB_SURVEY_SETTLEMENT,WF_LAND_MUTATION
Need financial help and khasra khatauni as soon as possible,LAND_RECORD,DEPT_LAND_ADMIN,SUB_SURVEY_SETTLEMENT,WF_LAND_MUTATION
All my eligibility documents are ready for dharani passbook,LAND_RECORD,DEPT_LAND_ADMIN,SUB_SURVEY_SETTLEMENT,WF_LAND_MUTATION
urgent need of khasra khatauni for poor family,LAND_RECORD,DEPT_LAND_ADMIN,SUB_SURVEY_SETTLEMENT,WF_LAND_MUTATION
Hello officer please guide me for survey number,LAND_RECORD,DEPT_LAND_ADMIN,SUB_SURVEY_SETTLEMENT,WF_LAND_MUTATION
Kindly sanction pahani for eligible applicant,LAND_RECORD,DEPT_LAND_ADMIN,SUB_SURVEY_SETTLEMENT,WF_LAND_MUTATION
I want to apply for pahani in Rangareddy,LAND_RECORD,DEPT_LAND_ADMIN,SUB_SURVEY_SETTLEMENT,WF_LAND_MUTATION
I want to apply for satbara 7/12 in Hyderabad,LAND_RECORD,DEPT_LAND_ADMIN,SUB_SURVEY_SETTLEMENT,WF_LAND_MUTATION
apply for khasra khatauni and ror 1b,LAND_RECORD,DEPT_LAND_ADMIN,SUB_SURVEY_SETTLEMENT,WF_LAND_MUTATION
We are residing in Hyderabad and applying for satbara 7/12,LAND_RECORD,DEPT_LAND_ADMIN,SUB_SURVEY_SETTLEMENT,WF_LAND_MUTATION
apply for fmb sketch and ror 1b,LAND_RECORD,DEPT_LAND_ADMIN,SUB_SURVEY_SETTLEMENT,WF_LAND_MUTATION
My dharani passbook request is pending for approval please check,LAND_RECORD,DEPT_LAND_ADMIN,SUB_SURVEY_SETTLEMENT,WF_LAND_MUTATION
Online registration for patta passbook on state portal,LAND_RECORD,DEPT_LAND_ADMIN,SUB_SURVEY_SETTLEMENT,WF_LAND_MUTATION
Online registration for pahani on state portal,LAND_RECORD,DEPT_LAND_ADMIN,SUB_SURVEY_SETTLEMENT,WF_LAND_MUTATION
Can I get satbara 7/12 support for this year,LAND_RECORD,DEPT_LAND_ADMIN,SUB_SURVEY_SETTLEMENT,WF_LAND_MUTATION
URGENT: Requesting immediate approval for agriculture land title,LAND_RECORD,DEPT_LAND_ADMIN,SUB_SURVEY_SETTLEMENT,WF_LAND_MUTATION
apply for ror 1b and land ownership copy,LAND_RECORD,DEPT_LAND_ADMIN,SUB_SURVEY_SETTLEMENT,WF_LAND_MUTATION
All my eligibility documents are ready for land record,LAND_RECORD,DEPT_LAND_ADMIN,SUB_SURVEY_SETTLEMENT,WF_LAND_MUTATION
apply for land mutation and fmb sketch,LAND_RECORD,DEPT_LAND_ADMIN,SUB_SURVEY_SETTLEMENT,WF_LAND_MUTATION
We are residing in Karimnagar and applying for agriculture land title,LAND_RECORD,DEPT_LAND_ADMIN,SUB_SURVEY_SETTLEMENT,WF_LAND_MUTATION
urgent need of pahani for poor family,LAND_RECORD,DEPT_LAND_ADMIN,SUB_SURVEY_SETTLEMENT,WF_LAND_MUTATION
How to apply online for succession mutation on official portal,LAND_RECORD,DEPT_LAND_ADMIN,SUB_SURVEY_SETTLEMENT,WF_LAND_MUTATION
We are residing in Hyderabad and applying for survey number,LAND_RECORD,DEPT_LAND_ADMIN,SUB_SURVEY_SETTLEMENT,WF_LAND_MUTATION
apply for adangal copy and land mutation,LAND_RECORD,DEPT_LAND_ADMIN,SUB_SURVEY_SETTLEMENT,WF_LAND_MUTATION
apply for dharani passbook and adangal copy,LAND_RECORD,DEPT_LAND_ADMIN,SUB_SURVEY_SETTLEMENT,WF_LAND_MUTATION
Online registration for adangal copy on state portal,LAND_RECORD,DEPT_LAND_ADMIN,SUB_SURVEY_SETTLEMENT,WF_LAND_MUTATION
URGENT: Requesting immediate approval for land mutation,LAND_RECORD,DEPT_LAND_ADMIN,SUB_SURVEY_SETTLEMENT,WF_LAND_MUTATION
apply for agriculture land title and land partition deed,LAND_RECORD,DEPT_LAND_ADMIN,SUB_SURVEY_SETTLEMENT,WF_LAND_MUTATION
Kindly verify my details and approve succession mutation,LAND_RECORD,DEPT_LAND_ADMIN,SUB_SURVEY_SETTLEMENT,WF_LAND_MUTATION
apply for land partition deed and dharani passbook,LAND_RECORD,DEPT_LAND_ADMIN,SUB_SURVEY_SETTLEMENT,WF_LAND_MUTATION
Need financial help and dharani passbook as soon as possible,LAND_RECORD,DEPT_LAND_ADMIN,SUB_SURVEY_SETTLEMENT,WF_LAND_MUTATION
Need official assistance regarding land partition deed application,LAND_RECORD,DEPT_LAND_ADMIN,SUB_SURVEY_SETTLEMENT,WF_LAND_MUTATION
Please process my dharani passbook application urgently,LAND_RECORD,DEPT_LAND_ADMIN,SUB_SURVEY_SETTLEMENT,WF_LAND_MUTATION
government scheme land record for welfare,LAND_RECORD,DEPT_LAND_ADMIN,SUB_SURVEY_SETTLEMENT,WF_LAND_MUTATION
apply for patta passbook and survey number,LAND_RECORD,DEPT_LAND_ADMIN,SUB_SURVEY_SETTLEMENT,WF_LAND_MUTATION
respected officer please approve fmb sketch,LAND_RECORD,DEPT_LAND_ADMIN,SUB_SURVEY_SETTLEMENT,WF_LAND_MUTATION
I want to apply for land ownership copy in Warangal,LAND_RECORD,DEPT_LAND_ADMIN,SUB_SURVEY_SETTLEMENT,WF_LAND_MUTATION
We are residing in Rangareddy and applying for fmb sketch,LAND_RECORD,DEPT_LAND_ADMIN,SUB_SURVEY_SETTLEMENT,WF_LAND_MUTATION
apply for pahani and fmb sketch,LAND_RECORD,DEPT_LAND_ADMIN,SUB_SURVEY_SETTLEMENT,WF_LAND_MUTATION
We are residing in Hyderabad and applying for land record,LAND_RECORD,DEPT_LAND_ADMIN,SUB_SURVEY_SETTLEMENT,WF_LAND_MUTATION
We are residing in Warangal and applying for agriculture land title,LAND_RECORD,DEPT_LAND_ADMIN,SUB_SURVEY_SETTLEMENT,WF_LAND_MUTATION
I want to apply for land mutation in Hyderabad,LAND_RECORD,DEPT_LAND_ADMIN,SUB_SURVEY_SETTLEMENT,WF_LAND_MUTATION
apply for succession mutation and dharani passbook,LAND_RECORD,DEPT_LAND_ADMIN,SUB_SURVEY_SETTLEMENT,WF_LAND_MUTATION
Can I get patta passbook support for this year,LAND_RECORD,DEPT_LAND_ADMIN,SUB_SURVEY_SETTLEMENT,WF_LAND_MUTATION
Respected sir kindly grant land mutation for our family,LAND_RECORD,DEPT_LAND_ADMIN,SUB_SURVEY_SETTLEMENT,WF_LAND_MUTATION
My ror 1b request is pending for approval please check,LAND_RECORD,DEPT_LAND_ADMIN,SUB_SURVEY_SETTLEMENT,WF_LAND_MUTATION
We are residing in Rangareddy and applying for dharani passbook,LAND_RECORD,DEPT_LAND_ADMIN,SUB_SURVEY_SETTLEMENT,WF_LAND_MUTATION
apply for land mutation and khasra khatauni,LAND_RECORD,DEPT_LAND_ADMIN,SUB_SURVEY_SETTLEMENT,WF_LAND_MUTATION
Looking for government portal to apply satbara 7/12,LAND_RECORD,DEPT_LAND_ADMIN,SUB_SURVEY_SETTLEMENT,WF_LAND_MUTATION
Submission of required proofs for agriculture land title,LAND_RECORD,DEPT_LAND_ADMIN,SUB_SURVEY_SETTLEMENT,WF_LAND_MUTATION
I want to apply for satbara 7/12 in Medchal,LAND_RECORD,DEPT_LAND_ADMIN,SUB_SURVEY_SETTLEMENT,WF_LAND_MUTATION
I want to apply for patta passbook in Rangareddy,LAND_RECORD,DEPT_LAND_ADMIN,SUB_SURVEY_SETTLEMENT,WF_LAND_MUTATION
apply for ror 1b and land partition deed,LAND_RECORD,DEPT_LAND_ADMIN,SUB_SURVEY_SETTLEMENT,WF_LAND_MUTATION
apply for adangal copy and ror 1b,LAND_RECORD,DEPT_LAND_ADMIN,SUB_SURVEY_SETTLEMENT,WF_LAND_MUTATION
apply for land mutation and succession mutation,LAND_RECORD,DEPT_LAND_ADMIN,SUB_SURVEY_SETTLEMENT,WF_LAND_MUTATION
URGENT: Requesting immediate approval for satbara 7/12,LAND_RECORD,DEPT_LAND_ADMIN,SUB_SURVEY_SETTLEMENT,WF_LAND_MUTATION
apply for fmb sketch and dharani passbook,LAND_RECORD,DEPT_LAND_ADMIN,SUB_SURVEY_SETTLEMENT,WF_LAND_MUTATION
Hello officer please guide me for fmb sketch,LAND_RECORD,DEPT_LAND_ADMIN,SUB_SURVEY_SETTLEMENT,WF_LAND_MUTATION
We are residing in Karimnagar and applying for land mutation,LAND_RECORD,DEPT_LAND_ADMIN,SUB_SURVEY_SETTLEMENT,WF_LAND_MUTATION
We are residing in Warangal and applying for succession mutation,LAND_RECORD,DEPT_LAND_ADMIN,SUB_SURVEY_SETTLEMENT,WF_LAND_MUTATION
I want to apply for land mutation in Rangareddy,LAND_RECORD,DEPT_LAND_ADMIN,SUB_SURVEY_SETTLEMENT,WF_LAND_MUTATION
I want to apply for land record in Medchal,LAND_RECORD,DEPT_LAND_ADMIN,SUB_SURVEY_SETTLEMENT,WF_LAND_MUTATION
Family annual income is low need adangal copy benefit,LAND_RECORD,DEPT_LAND_ADMIN,SUB_SURVEY_SETTLEMENT,WF_LAND_MUTATION
Family annual income is low need ror 1b benefit,LAND_RECORD,DEPT_LAND_ADMIN,SUB_SURVEY_SETTLEMENT,WF_LAND_MUTATION
apply for patta passbook and patta passbook,LAND_RECORD,DEPT_LAND_ADMIN,SUB_SURVEY_SETTLEMENT,WF_LAND_MUTATION
respected officer please approve pahani,LAND_RECORD,DEPT_LAND_ADMIN,SUB_SURVEY_SETTLEMENT,WF_LAND_MUTATION
apply for satbara 7/12 and land mutation,LAND_RECORD,DEPT_LAND_ADMIN,SUB_SURVEY_SETTLEMENT,WF_LAND_MUTATION
Submission of required proofs for land record,LAND_RECORD,DEPT_LAND_ADMIN,SUB_SURVEY_SETTLEMENT,WF_LAND_MUTATION
apply for adangal copy and pahani,LAND_RECORD,DEPT_LAND_ADMIN,SUB_SURVEY_SETTLEMENT,WF_LAND_MUTATION
apply for land record and land mutation,LAND_RECORD,DEPT_LAND_ADMIN,SUB_SURVEY_SETTLEMENT,WF_LAND_MUTATION
Respected sir kindly grant patta passbook for our family,LAND_RECORD,DEPT_LAND_ADMIN,SUB_SURVEY_SETTLEMENT,WF_LAND_MUTATION
application form for land partition deed in Hyderabad,LAND_RECORD,DEPT_LAND_ADMIN,SUB_SURVEY_SETTLEMENT,WF_LAND_MUTATION
We are residing in Rangareddy and applying for land ownership copy,LAND_RECORD,DEPT_LAND_ADMIN,SUB_SURVEY_SETTLEMENT,WF_LAND_MUTATION
apply for succession mutation and satbara 7/12,LAND_RECORD,DEPT_LAND_ADMIN,SUB_SURVEY_SETTLEMENT,WF_LAND_MUTATION
I want to apply for ror 1b in Medchal,LAND_RECORD,DEPT_LAND_ADMIN,SUB_SURVEY_SETTLEMENT,WF_LAND_MUTATION
We are residing in Rangareddy and applying for satbara 7/12,LAND_RECORD,DEPT_LAND_ADMIN,SUB_SURVEY_SETTLEMENT,WF_LAND_MUTATION
I want to apply for fmb sketch in Karimnagar,LAND_RECORD,DEPT_LAND_ADMIN,SUB_SURVEY_SETTLEMENT,WF_LAND_MUTATION
apply for fmb sketch and satbara 7/12,LAND_RECORD,DEPT_LAND_ADMIN,SUB_SURVEY_SETTLEMENT,WF_LAND_MUTATION
i am eligible for fmb sketch uploaded all proofs,LAND_RECORD,DEPT_LAND_ADMIN,SUB_SURVEY_SETTLEMENT,WF_LAND_MUTATION
Respected sir kindly grant land partition deed for our family,LAND_RECORD,DEPT_LAND_ADMIN,SUB_SURVEY_SETTLEMENT,WF_LAND_MUTATION
apply for patta passbook and land partition deed,LAND_RECORD,DEPT_LAND_ADMIN,SUB_SURVEY_SETTLEMENT,WF_LAND_MUTATION
apply for land mutation and land record,LAND_RECORD,DEPT_LAND_ADMIN,SUB_SURVEY_SETTLEMENT,WF_LAND_MUTATION
apply for satbara 7/12 and adangal copy,LAND_RECORD,DEPT_LAND_ADMIN,SUB_SURVEY_SETTLEMENT,WF_LAND_MUTATION
respected officer please approve land mutation,LAND_RECORD,DEPT_LAND_ADMIN,SUB_SURVEY_SETTLEMENT,WF_LAND_MUTATION
apply for satbara 7/12 and dharani passbook,LAND_RECORD,DEPT_LAND_ADMIN,SUB_SURVEY_SETTLEMENT,WF_LAND_MUTATION
apply for khasra khatauni and agriculture land title,LAND_RECORD,DEPT_LAND_ADMIN,SUB_SURVEY_SETTLEMENT,WF_LAND_MUTATION
We are residing in Medchal and applying for dharani passbook,LAND_RECORD,DEPT_LAND_ADMIN,SUB_SURVEY_SETTLEMENT,WF_LAND_MUTATION
Need official assistance regarding agriculture land title application,LAND_RECORD,DEPT_LAND_ADMIN,SUB_SURVEY_SETTLEMENT,WF_LAND_MUTATION
application form for patta passbook in Hyderabad,LAND_RECORD,DEPT_LAND_ADMIN,SUB_SURVEY_SETTLEMENT,WF_LAND_MUTATION
apply for land partition deed and khasra khatauni,LAND_RECORD,DEPT_LAND_ADMIN,SUB_SURVEY_SETTLEMENT,WF_LAND_MUTATION
Application for land record under government rules,LAND_RECORD,DEPT_LAND_ADMIN,SUB_SURVEY_SETTLEMENT,WF_LAND_MUTATION
apply for fmb sketch and land mutation,LAND_RECORD,DEPT_LAND_ADMIN,SUB_SURVEY_SETTLEMENT,WF_LAND_MUTATION
I want to apply for succession mutation in Rangareddy,LAND_RECORD,DEPT_LAND_ADMIN,SUB_SURVEY_SETTLEMENT,WF_LAND_MUTATION
I want to apply for survey number in Medchal,LAND_RECORD,DEPT_LAND_ADMIN,SUB_SURVEY_SETTLEMENT,WF_LAND_MUTATION
apply for fmb sketch and fmb sketch,LAND_RECORD,DEPT_LAND_ADMIN,SUB_SURVEY_SETTLEMENT,WF_LAND_MUTATION
apply for survey number and succession mutation,LAND_RECORD,DEPT_LAND_ADMIN,SUB_SURVEY_SETTLEMENT,WF_LAND_MUTATION
apply for land ownership copy and survey number,LAND_RECORD,DEPT_LAND_ADMIN,SUB_SURVEY_SETTLEMENT,WF_LAND_MUTATION
apply for survey number and land partition deed,LAND_RECORD,DEPT_LAND_ADMIN,SUB_SURVEY_SETTLEMENT,WF_LAND_MUTATION
apply for survey number and dharani passbook,LAND_RECORD,DEPT_LAND_ADMIN,SUB_SURVEY_SETTLEMENT,WF_LAND_MUTATION
Can I get succession mutation support for this year,LAND_RECORD,DEPT_LAND_ADMIN,SUB_SURVEY_SETTLEMENT,WF_LAND_MUTATION
Kindly verify my details and approve land record,LAND_RECORD,DEPT_LAND_ADMIN,SUB_SURVEY_SETTLEMENT,WF_LAND_MUTATION
Submission of required proofs for ror 1b,LAND_RECORD,DEPT_LAND_ADMIN,SUB_SURVEY_SETTLEMENT,WF_LAND_MUTATION
Online registration for land partition deed on state portal,LAND_RECORD,DEPT_LAND_ADMIN,SUB_SURVEY_SETTLEMENT,WF_LAND_MUTATION
respected officer please approve ror 1b,LAND_RECORD,DEPT_LAND_ADMIN,SUB_SURVEY_SETTLEMENT,WF_LAND_MUTATION
Kindly sanction land partition deed for eligible applicant,LAND_RECORD,DEPT_LAND_ADMIN,SUB_SURVEY_SETTLEMENT,WF_LAND_MUTATION
We are residing in Medchal and applying for fmb sketch,LAND_RECORD,DEPT_LAND_ADMIN,SUB_SURVEY_SETTLEMENT,WF_LAND_MUTATION
application form for land ownership copy in Hyderabad,LAND_RECORD,DEPT_LAND_ADMIN,SUB_SURVEY_SETTLEMENT,WF_LAND_MUTATION
I want to apply for land mutation in Warangal,LAND_RECORD,DEPT_LAND_ADMIN,SUB_SURVEY_SETTLEMENT,WF_LAND_MUTATION
Uploaded documents for patta passbook verification,LAND_RECORD,DEPT_LAND_ADMIN,SUB_SURVEY_SETTLEMENT,WF_LAND_MUTATION
government scheme patta passbook for welfare,LAND_RECORD,DEPT_LAND_ADMIN,SUB_SURVEY_SETTLEMENT,WF_LAND_MUTATION
I want to apply for succession mutation in Hyderabad,LAND_RECORD,DEPT_LAND_ADMIN,SUB_SURVEY_SETTLEMENT,WF_LAND_MUTATION
I want to apply for ror 1b in Rangareddy,LAND_RECORD,DEPT_LAND_ADMIN,SUB_SURVEY_SETTLEMENT,WF_LAND_MUTATION
Looking for government portal to apply land ownership copy,LAND_RECORD,DEPT_LAND_ADMIN,SUB_SURVEY_SETTLEMENT,WF_LAND_MUTATION
I want to apply for khasra khatauni in Hyderabad,LAND_RECORD,DEPT_LAND_ADMIN,SUB_SURVEY_SETTLEMENT,WF_LAND_MUTATION
apply for succession mutation and adangal copy,LAND_RECORD,DEPT_LAND_ADMIN,SUB_SURVEY_SETTLEMENT,WF_LAND_MUTATION
government scheme pahani for welfare,LAND_RECORD,DEPT_LAND_ADMIN,SUB_SURVEY_SETTLEMENT,WF_LAND_MUTATION
apply for land ownership copy and patta passbook,LAND_RECORD,DEPT_LAND_ADMIN,SUB_SURVEY_SETTLEMENT,WF_LAND_MUTATION
We are residing in Rangareddy and applying for agriculture land title,LAND_RECORD,DEPT_LAND_ADMIN,SUB_SURVEY_SETTLEMENT,WF_LAND_MUTATION
My fmb sketch request is pending for approval please check,LAND_RECORD,DEPT_LAND_ADMIN,SUB_SURVEY_SETTLEMENT,WF_LAND_MUTATION
I want to apply for patta passbook in Hyderabad,LAND_RECORD,DEPT_LAND_ADMIN,SUB_SURVEY_SETTLEMENT,WF_LAND_MUTATION
Need financial help and satbara 7/12 as soon as possible,LAND_RECORD,DEPT_LAND_ADMIN,SUB_SURVEY_SETTLEMENT,WF_LAND_MUTATION
How to apply online for dharani passbook on official portal,LAND_RECORD,DEPT_LAND_ADMIN,SUB_SURVEY_SETTLEMENT,WF_LAND_MUTATION
apply for ror 1b and agriculture land title,LAND_RECORD,DEPT_LAND_ADMIN,SUB_SURVEY_SETTLEMENT,WF_LAND_MUTATION
apply for survey number and agriculture land title,LAND_RECORD,DEPT_LAND_ADMIN,SUB_SURVEY_SETTLEMENT,WF_LAND_MUTATION
i am eligible for ror 1b uploaded all proofs,LAND_RECORD,DEPT_LAND_ADMIN,SUB_SURVEY_SETTLEMENT,WF_LAND_MUTATION
Kindly verify my details and approve ror 1b,LAND_RECORD,DEPT_LAND_ADMIN,SUB_SURVEY_SETTLEMENT,WF_LAND_MUTATION
Kindly sanction land record for eligible applicant,LAND_RECORD,DEPT_LAND_ADMIN,SUB_SURVEY_SETTLEMENT,WF_LAND_MUTATION
Online registration for land record on state portal,LAND_RECORD,DEPT_LAND_ADMIN,SUB_SURVEY_SETTLEMENT,WF_LAND_MUTATION
Respected sir kindly grant satbara 7/12 for our family,LAND_RECORD,DEPT_LAND_ADMIN,SUB_SURVEY_SETTLEMENT,WF_LAND_MUTATION
We are residing in Rangareddy and applying for land partition deed,LAND_RECORD,DEPT_LAND_ADMIN,SUB_SURVEY_SETTLEMENT,WF_LAND_MUTATION
Family annual income is low need khasra khatauni benefit,LAND_RECORD,DEPT_LAND_ADMIN,SUB_SURVEY_SETTLEMENT,WF_LAND_MUTATION
apply for ror 1b and succession mutation,LAND_RECORD,DEPT_LAND_ADMIN,SUB_SURVEY_SETTLEMENT,WF_LAND_MUTATION
apply for land mutation and land ownership copy,LAND_RECORD,DEPT_LAND_ADMIN,SUB_SURVEY_SETTLEMENT,WF_LAND_MUTATION
apply for pahani and survey number,LAND_RECORD,DEPT_LAND_ADMIN,SUB_SURVEY_SETTLEMENT,WF_LAND_MUTATION
government scheme agriculture land title for welfare,LAND_RECORD,DEPT_LAND_ADMIN,SUB_SURVEY_SETTLEMENT,WF_LAND_MUTATION
how to register land ownership copy online without fee,LAND_RECORD,DEPT_LAND_ADMIN,SUB_SURVEY_SETTLEMENT,WF_LAND_MUTATION
Submission of required proofs for patta passbook,LAND_RECORD,DEPT_LAND_ADMIN,SUB_SURVEY_SETTLEMENT,WF_LAND_MUTATION
We are residing in Hyderabad and applying for succession mutation,LAND_RECORD,DEPT_LAND_ADMIN,SUB_SURVEY_SETTLEMENT,WF_LAND_MUTATION
apply for land partition deed and succession mutation,LAND_RECORD,DEPT_LAND_ADMIN,SUB_SURVEY_SETTLEMENT,WF_LAND_MUTATION
Submission of required proofs for satbara 7/12,LAND_RECORD,DEPT_LAND_ADMIN,SUB_SURVEY_SETTLEMENT,WF_LAND_MUTATION
I want to apply for land partition deed in Warangal,LAND_RECORD,DEPT_LAND_ADMIN,SUB_SURVEY_SETTLEMENT,WF_LAND_MUTATION
apply for survey number and ror 1b,LAND_RECORD,DEPT_LAND_ADMIN,SUB_SURVEY_SETTLEMENT,WF_LAND_MUTATION
apply for land record and succession mutation,LAND_RECORD,DEPT_LAND_ADMIN,SUB_SURVEY_SETTLEMENT,WF_LAND_MUTATION
Need official assistance regarding kisan samman nidhi application,PM_KISAN,DEPT_AGRICULTURE,SUB_FARMER_WELFARE,WF_DBT_DIRECT
Need financial help and farmer financial assistance as soon as possible,PM_KISAN,DEPT_AGRICULTURE,SUB_FARMER_WELFARE,WF_DBT_DIRECT
government scheme kisan samman nidhi for welfare,PM_KISAN,DEPT_AGRICULTURE,SUB_FARMER_WELFARE,WF_DBT_DIRECT
Please process my farmer financial assistance application urgently,PM_KISAN,DEPT_AGRICULTURE,SUB_FARMER_WELFARE,WF_DBT_DIRECT
apply for kisan samman nidhi and seeds and fertilizer aid,PM_KISAN,DEPT_AGRICULTURE,SUB_FARMER_WELFARE,WF_DBT_DIRECT
We are residing in Warangal and applying for farmer installment,PM_KISAN,DEPT_AGRICULTURE,SUB_FARMER_WELFARE,WF_DBT_DIRECT
URGENT: Requesting immediate approval for kisan 6000 support,PM_KISAN,DEPT_AGRICULTURE,SUB_FARMER_WELFARE,WF_DBT_DIRECT
apply for kisan registration and dbt farmer scheme,PM_KISAN,DEPT_AGRICULTURE,SUB_FARMER_WELFARE,WF_DBT_DIRECT
apply for pm kisan and pm kisan,PM_KISAN,DEPT_AGRICULTURE,SUB_FARMER_WELFARE,WF_DBT_DIRECT
We are residing in Rangareddy and applying for pm kisan,PM_KISAN,DEPT_AGRICULTURE,SUB_FARMER_WELFARE,WF_DBT_DIRECT
government scheme pm kisan pending installment for welfare,PM_KISAN,DEPT_AGRICULTURE,SUB_FARMER_WELFARE,WF_DBT_DIRECT
All my eligibility documents are ready for seeds and fertilizer aid,PM_KISAN,DEPT_AGRICULTURE,SUB_FARMER_WELFARE,WF_DBT_DIRECT
Uploaded documents for dbt farmer scheme verification,PM_KISAN,DEPT_AGRICULTURE,SUB_FARMER_WELFARE,WF_DBT_DIRECT
Submission of required proofs for dbt farmer scheme,PM_KISAN,DEPT_AGRICULTURE,SUB_FARMER_WELFARE,WF_DBT_DIRECT
apply for dbt farmer scheme and 2000 rupees kisan,PM_KISAN,DEPT_AGRICULTURE,SUB_FARMER_WELFARE,WF_DBT_DIRECT
Respected sir kindly grant kisan samman nidhi for our family,PM_KISAN,DEPT_AGRICULTURE,SUB_FARMER_WELFARE,WF_DBT_DIRECT
apply for seeds and fertilizer aid and kisan 6000 support,PM_KISAN,DEPT_AGRICULTURE,SUB_FARMER_WELFARE,WF_DBT_DIRECT
How to apply online for pm kisan pending installment on official portal,PM_KISAN,DEPT_AGRICULTURE,SUB_FARMER_WELFARE,WF_DBT_DIRECT
I want to apply for kisan 6000 support in Warangal,PM_KISAN,DEPT_AGRICULTURE,SUB_FARMER_WELFARE,WF_DBT_DIRECT
Hello officer please guide me for pm kisan ekyc,PM_KISAN,DEPT_AGRICULTURE,SUB_FARMER_WELFARE,WF_DBT_DIRECT
We are residing in Hyderabad and applying for farmer installment,PM_KISAN,DEPT_AGRICULTURE,SUB_FARMER_WELFARE,WF_DBT_DIRECT
urgent need of seeds and fertilizer aid for poor family,PM_KISAN,DEPT_AGRICULTURE,SUB_FARMER_WELFARE,WF_DBT_DIRECT
I want to apply for seeds and fertilizer aid in Medchal,PM_KISAN,DEPT_AGRICULTURE,SUB_FARMER_WELFARE,WF_DBT_DIRECT
apply for kisan samman nidhi and farmer financial assistance,PM_KISAN,DEPT_AGRICULTURE,SUB_FARMER_WELFARE,WF_DBT_DIRECT
I want to apply for pm kisan in Hyderabad,PM_KISAN,DEPT_AGRICULTURE,SUB_FARMER_WELFARE,WF_DBT_DIRECT
how to register pm kisan online without fee,PM_KISAN,DEPT_AGRICULTURE,SUB_FARMER_WELFARE,WF_DBT_DIRECT
apply for farmer installment and kisan registration,PM_KISAN,DEPT_AGRICULTURE,SUB_FARMER_WELFARE,WF_DBT_DIRECT
apply for landholding farmer grant and landholding farmer grant,PM_KISAN,DEPT_AGRICULTURE,SUB_FARMER_WELFARE,WF_DBT_DIRECT
apply for kisan 6000 support and landholding farmer grant,PM_KISAN,DEPT_AGRICULTURE,SUB_FARMER_WELFARE,WF_DBT_DIRECT
I want to apply for farmer installment in Medchal,PM_KISAN,DEPT_AGRICULTURE,SUB_FARMER_WELFARE,WF_DBT_DIRECT
We are residing in Warangal and applying for farmer financial assistance,PM_KISAN,DEPT_AGRICULTURE,SUB_FARMER_WELFARE,WF_DBT_DIRECT
apply for pm kisan and seeds and fertilizer aid,PM_KISAN,DEPT_AGRICULTURE,SUB_FARMER_WELFARE,WF_DBT_DIRECT
I want to apply for kisan samman nidhi in Rangareddy,PM_KISAN,DEPT_AGRICULTURE,SUB_FARMER_WELFARE,WF_DBT_DIRECT
how to register landholding farmer grant online without fee,PM_KISAN,DEPT_AGRICULTURE,SUB_FARMER_WELFARE,WF_DBT_DIRECT
apply for 2000 rupees kisan and agriculture subsidy,PM_KISAN,DEPT_AGRICULTURE,SUB_FARMER_WELFARE,WF_DBT_DIRECT
How to apply online for pm kisan on official portal,PM_KISAN,DEPT_AGRICULTURE,SUB_FARMER_WELFARE,WF_DBT_DIRECT
Uploaded documents for pm kisan verification,PM_KISAN,DEPT_AGRICULTURE,SUB_FARMER_WELFARE,WF_DBT_DIRECT
government scheme kisan 6000 support for welfare,PM_KISAN,DEPT_AGRICULTURE,SUB_FARMER_WELFARE,WF_DBT_DIRECT
application form for kisan samman nidhi in Hyderabad,PM_KISAN,DEPT_AGRICULTURE,SUB_FARMER_WELFARE,WF_DBT_DIRECT
Uploaded documents for seeds and fertilizer aid verification,PM_KISAN,DEPT_AGRICULTURE,SUB_FARMER_WELFARE,WF_DBT_DIRECT
All my eligibility documents are ready for landholding farmer grant,PM_KISAN,DEPT_AGRICULTURE,SUB_FARMER_WELFARE,WF_DBT_DIRECT
i am eligible for 2000 rupees kisan uploaded all proofs,PM_KISAN,DEPT_AGRICULTURE,SUB_FARMER_WELFARE,WF_DBT_DIRECT
apply for pm kisan pending installment and pm kisan pending installment,PM_KISAN,DEPT_AGRICULTURE,SUB_FARMER_WELFARE,WF_DBT_DIRECT
i am eligible for farmer installment uploaded all proofs,PM_KISAN,DEPT_AGRICULTURE,SUB_FARMER_WELFARE,WF_DBT_DIRECT
apply for pm kisan pending installment and pm kisan ekyc,PM_KISAN,DEPT_AGRICULTURE,SUB_FARMER_WELFARE,WF_DBT_DIRECT
My 2000 rupees kisan request is pending for approval please check,PM_KISAN,DEPT_AGRICULTURE,SUB_FARMER_WELFARE,WF_DBT_DIRECT
We are residing in Rangareddy and applying for farmer financial assistance,PM_KISAN,DEPT_AGRICULTURE,SUB_FARMER_WELFARE,WF_DBT_DIRECT
Online registration for kisan registration on state portal,PM_KISAN,DEPT_AGRICULTURE,SUB_FARMER_WELFARE,WF_DBT_DIRECT
Need official assistance regarding agriculture subsidy application,PM_KISAN,DEPT_AGRICULTURE,SUB_FARMER_WELFARE,WF_DBT_DIRECT
I want to apply for kisan 6000 support in Rangareddy,PM_KISAN,DEPT_AGRICULTURE,SUB_FARMER_WELFARE,WF_DBT_DIRECT
Application for agriculture subsidy under government rules,PM_KISAN,DEPT_AGRICULTURE,SUB_FARMER_WELFARE,WF_DBT_DIRECT
Submission of required proofs for kisan registration,PM_KISAN,DEPT_AGRICULTURE,SUB_FARMER_WELFARE,WF_DBT_DIRECT
apply for landholding farmer grant and seeds and fertilizer aid,PM_KISAN,DEPT_AGRICULTURE,SUB_FARMER_WELFARE,WF_DBT_DIRECT
how to register farmer financial assistance online without fee,PM_KISAN,DEPT_AGRICULTURE,SUB_FARMER_WELFARE,WF_DBT_DIRECT
apply for kisan 6000 support and seeds and fertilizer aid,PM_KISAN,DEPT_AGRICULTURE,SUB_FARMER_WELFARE,WF_DBT_DIRECT
Uploaded documents for landholding farmer grant verification,PM_KISAN,DEPT_AGRICULTURE,SUB_FARMER_WELFARE,WF_DBT_DIRECT
I want to apply for pm kisan in Rangareddy,PM_KISAN,DEPT_AGRICULTURE,SUB_FARMER_WELFARE,WF_DBT_DIRECT
apply for kisan samman nidhi and kisan samman nidhi,PM_KISAN,DEPT_AGRICULTURE,SUB_FARMER_WELFARE,WF_DBT_DIRECT
i am eligible for pm kisan uploaded all proofs,PM_KISAN,DEPT_AGRICULTURE,SUB_FARMER_WELFARE,WF_DBT_DIRECT
I want to apply for pm kisan in Warangal,PM_KISAN,DEPT_AGRICULTURE,SUB_FARMER_WELFARE,WF_DBT_DIRECT
Looking for government portal to apply pm kisan ekyc,PM_KISAN,DEPT_AGRICULTURE,SUB_FARMER_WELFARE,WF_DBT_DIRECT
Application for dbt farmer scheme under government rules,PM_KISAN,DEPT_AGRICULTURE,SUB_FARMER_WELFARE,WF_DBT_DIRECT
I want to apply for farmer financial assistance in Rangareddy,PM_KISAN,DEPT_AGRICULTURE,SUB_FARMER_WELFARE,WF_DBT_DIRECT
apply for 2000 rupees kisan and 2000 rupees kisan,PM_KISAN,DEPT_AGRICULTURE,SUB_FARMER_WELFARE,WF_DBT_DIRECT
apply for kisan registration and pm kisan ekyc,PM_KISAN,DEPT_AGRICULTURE,SUB_FARMER_WELFARE,WF_DBT_DIRECT
apply for pm kisan and farmer financial assistance,PM_KISAN,DEPT_AGRICULTURE,SUB_FARMER_WELFARE,WF_DBT_DIRECT
apply for dbt farmer scheme and farmer installment,PM_KISAN,DEPT_AGRICULTURE,SUB_FARMER_WELFARE,WF_DBT_DIRECT
Kindly verify my details and approve seeds and fertilizer aid,PM_KISAN,DEPT_AGRICULTURE,SUB_FARMER_WELFARE,WF_DBT_DIRECT
apply for pm kisan and farmer installment,PM_KISAN,DEPT_AGRICULTURE,SUB_FARMER_WELFARE,WF_DBT_DIRECT
application form for seeds and fertilizer aid in Hyderabad,PM_KISAN,DEPT_AGRICULTURE,SUB_FARMER_WELFARE,WF_DBT_DIRECT
apply for farmer financial assistance and seeds and fertilizer aid,PM_KISAN,DEPT_AGRICULTURE,SUB_FARMER_WELFARE,WF_DBT_DIRECT
All my eligibility documents are ready for kisan 6000 support,PM_KISAN,DEPT_AGRICULTURE,SUB_FARMER_WELFARE,WF_DBT_DIRECT
apply for dbt farmer scheme and farmer financial assistance,PM_KISAN,DEPT_AGRICULTURE,SUB_FARMER_WELFARE,WF_DBT_DIRECT
Application for kisan 6000 support under government rules,PM_KISAN,DEPT_AGRICULTURE,SUB_FARMER_WELFARE,WF_DBT_DIRECT
We are residing in Karimnagar and applying for farmer financial assistance,PM_KISAN,DEPT_AGRICULTURE,SUB_FARMER_WELFARE,WF_DBT_DIRECT
how to register pm kisan ekyc online without fee,PM_KISAN,DEPT_AGRICULTURE,SUB_FARMER_WELFARE,WF_DBT_DIRECT
Uploaded documents for agriculture subsidy verification,PM_KISAN,DEPT_AGRICULTURE,SUB_FARMER_WELFARE,WF_DBT_DIRECT
We are residing in Medchal and applying for pm kisan pending installment,PM_KISAN,DEPT_AGRICULTURE,SUB_FARMER_WELFARE,WF_DBT_DIRECT
apply for pm kisan ekyc and seeds and fertilizer aid,PM_KISAN,DEPT_AGRICULTURE,SUB_FARMER_WELFARE,WF_DBT_DIRECT
Family annual income is low need farmer financial assistance benefit,PM_KISAN,DEPT_AGRICULTURE,SUB_FARMER_WELFARE,WF_DBT_DIRECT
Respected sir kindly grant landholding farmer grant for our family,PM_KISAN,DEPT_AGRICULTURE,SUB_FARMER_WELFARE,WF_DBT_DIRECT
We are residing in Medchal and applying for agriculture subsidy,PM_KISAN,DEPT_AGRICULTURE,SUB_FARMER_WELFARE,WF_DBT_DIRECT
my dbt farmer scheme was submitted kindly do the needful,PM_KISAN,DEPT_AGRICULTURE,SUB_FARMER_WELFARE,WF_DBT_DIRECT
Need financial help and kisan registration as soon as possible,PM_KISAN,DEPT_AGRICULTURE,SUB_FARMER_WELFARE,WF_DBT_DIRECT
apply for farmer installment and pm kisan ekyc,PM_KISAN,DEPT_AGRICULTURE,SUB_FARMER_WELFARE,WF_DBT_DIRECT
Application for landholding farmer grant under government rules,PM_KISAN,DEPT_AGRICULTURE,SUB_FARMER_WELFARE,WF_DBT_DIRECT
respected officer please approve pm kisan pending installment,PM_KISAN,DEPT_AGRICULTURE,SUB_FARMER_WELFARE,WF_DBT_DIRECT
I want to apply for seeds and fertilizer aid in Hyderabad,PM_KISAN,DEPT_AGRICULTURE,SUB_FARMER_WELFARE,WF_DBT_DIRECT
Kindly sanction farmer installment for eligible applicant,PM_KISAN,DEPT_AGRICULTURE,SUB_FARMER_WELFARE,WF_DBT_DIRECT
Need official assistance regarding pm kisan pending installment application,PM_KISAN,DEPT_AGRICULTURE,SUB_FARMER_WELFARE,WF_DBT_DIRECT
Need financial help and kisan 6000 support as soon as possible,PM_KISAN,DEPT_AGRICULTURE,SUB_FARMER_WELFARE,WF_DBT_DIRECT
apply for farmer financial assistance and pm kisan ekyc,PM_KISAN,DEPT_AGRICULTURE,SUB_FARMER_WELFARE,WF_DBT_DIRECT
We are residing in Karimnagar and applying for 2000 rupees kisan,PM_KISAN,DEPT_AGRICULTURE,SUB_FARMER_WELFARE,WF_DBT_DIRECT
I want to apply for landholding farmer grant in Karimnagar,PM_KISAN,DEPT_AGRICULTURE,SUB_FARMER_WELFARE,WF_DBT_DIRECT
I want to apply for agriculture subsidy in Hyderabad,PM_KISAN,DEPT_AGRICULTURE,SUB_FARMER_WELFARE,WF_DBT_DIRECT
How to apply online for seeds and fertilizer aid on official portal,PM_KISAN,DEPT_AGRICULTURE,SUB_FARMER_WELFARE,WF_DBT_DIRECT
How to apply online for pm kisan ekyc on official portal,PM_KISAN,DEPT_AGRICULTURE,SUB_FARMER_WELFARE,WF_DBT_DIRECT
application form for 2000 rupees kisan in Hyderabad,PM_KISAN,DEPT_AGRICULTURE,SUB_FARMER_WELFARE,WF_DBT_DIRECT
Need financial help and 2000 rupees kisan as soon as possible,PM_KISAN,DEPT_AGRICULTURE,SUB_FARMER_WELFARE,WF_DBT_DIRECT
apply for agriculture subsidy and kisan samman nidhi,PM_KISAN,DEPT_AGRICULTURE,SUB_FARMER_WELFARE,WF_DBT_DIRECT
My pm kisan pending installment request is pending for approval please check,PM_KISAN,DEPT_AGRICULTURE,SUB_FARMER_WELFARE,WF_DBT_DIRECT
Respected sir kindly grant pm kisan pending installment for our family,PM_KISAN,DEPT_AGRICULTURE,SUB_FARMER_WELFARE,WF_DBT_DIRECT
apply for 2000 rupees kisan and kisan registration,PM_KISAN,DEPT_AGRICULTURE,SUB_FARMER_WELFARE,WF_DBT_DIRECT
I want to apply for landholding farmer grant in Hyderabad,PM_KISAN,DEPT_AGRICULTURE,SUB_FARMER_WELFARE,WF_DBT_DIRECT
apply for pm kisan and pm kisan ekyc,PM_KISAN,DEPT_AGRICULTURE,SUB_FARMER_WELFARE,WF_DBT_DIRECT
Respected sir kindly grant kisan registration for our family,PM_KISAN,DEPT_AGRICULTURE,SUB_FARMER_WELFARE,WF_DBT_DIRECT
apply for seeds and fertilizer aid and dbt farmer scheme,PM_KISAN,DEPT_AGRICULTURE,SUB_FARMER_WELFARE,WF_DBT_DIRECT
Application for pm kisan ekyc under government rules,PM_KISAN,DEPT_AGRICULTURE,SUB_FARMER_WELFARE,WF_DBT_DIRECT
apply for kisan registration and pm kisan pending installment,PM_KISAN,DEPT_AGRICULTURE,SUB_FARMER_WELFARE,WF_DBT_DIRECT
I want to apply for agriculture subsidy in Rangareddy,PM_KISAN,DEPT_AGRICULTURE,SUB_FARMER_WELFARE,WF_DBT_DIRECT
how to register seeds and fertilizer aid online without fee,PM_KISAN,DEPT_AGRICULTURE,SUB_FARMER_WELFARE,WF_DBT_DIRECT
apply for farmer financial assistance and kisan samman nidhi,PM_KISAN,DEPT_AGRICULTURE,SUB_FARMER_WELFARE,WF_DBT_DIRECT
apply for farmer financial assistance and kisan registration,PM_KISAN,DEPT_AGRICULTURE,SUB_FARMER_WELFARE,WF_DBT_DIRECT
Application for pm kisan under government rules,PM_KISAN,DEPT_AGRICULTURE,SUB_FARMER_WELFARE,WF_DBT_DIRECT
apply for agriculture subsidy and pm kisan,PM_KISAN,DEPT_AGRICULTURE,SUB_FARMER_WELFARE,WF_DBT_DIRECT
respected officer please approve farmer installment,PM_KISAN,DEPT_AGRICULTURE,SUB_FARMER_WELFARE,WF_DBT_DIRECT
Need financial help and seeds and fertilizer aid as soon as possible,PM_KISAN,DEPT_AGRICULTURE,SUB_FARMER_WELFARE,WF_DBT_DIRECT
respected officer please approve dbt farmer scheme,PM_KISAN,DEPT_AGRICULTURE,SUB_FARMER_WELFARE,WF_DBT_DIRECT
Looking for government portal to apply farmer financial assistance,PM_KISAN,DEPT_AGRICULTURE,SUB_FARMER_WELFARE,WF_DBT_DIRECT
My kisan registration request is pending for approval please check,PM_KISAN,DEPT_AGRICULTURE,SUB_FARMER_WELFARE,WF_DBT_DIRECT
We are residing in Rangareddy and applying for dbt farmer scheme,PM_KISAN,DEPT_AGRICULTURE,SUB_FARMER_WELFARE,WF_DBT_DIRECT
how to register kisan 6000 support online without fee,PM_KISAN,DEPT_AGRICULTURE,SUB_FARMER_WELFARE,WF_DBT_DIRECT
My landholding farmer grant request is pending for approval please check,PM_KISAN,DEPT_AGRICULTURE,SUB_FARMER_WELFARE,WF_DBT_DIRECT
Please process my kisan samman nidhi application urgently,PM_KISAN,DEPT_AGRICULTURE,SUB_FARMER_WELFARE,WF_DBT_DIRECT
Need official assistance regarding kisan 6000 support application,PM_KISAN,DEPT_AGRICULTURE,SUB_FARMER_WELFARE,WF_DBT_DIRECT
apply for dbt farmer scheme and seeds and fertilizer aid,PM_KISAN,DEPT_AGRICULTURE,SUB_FARMER_WELFARE,WF_DBT_DIRECT
I want to apply for dbt farmer scheme in Warangal,PM_KISAN,DEPT_AGRICULTURE,SUB_FARMER_WELFARE,WF_DBT_DIRECT
We are residing in Karimnagar and applying for kisan registration,PM_KISAN,DEPT_AGRICULTURE,SUB_FARMER_WELFARE,WF_DBT_DIRECT
Kindly sanction agriculture subsidy for eligible applicant,PM_KISAN,DEPT_AGRICULTURE,SUB_FARMER_WELFARE,WF_DBT_DIRECT
Kindly sanction seeds and fertilizer aid for eligible applicant,PM_KISAN,DEPT_AGRICULTURE,SUB_FARMER_WELFARE,WF_DBT_DIRECT
We are residing in Rangareddy and applying for seeds and fertilizer aid,PM_KISAN,DEPT_AGRICULTURE,SUB_FARMER_WELFARE,WF_DBT_DIRECT
apply for pm kisan pending installment and landholding farmer grant,PM_KISAN,DEPT_AGRICULTURE,SUB_FARMER_WELFARE,WF_DBT_DIRECT
URGENT: Requesting immediate approval for seeds and fertilizer aid,PM_KISAN,DEPT_AGRICULTURE,SUB_FARMER_WELFARE,WF_DBT_DIRECT
apply for pm kisan ekyc and 2000 rupees kisan,PM_KISAN,DEPT_AGRICULTURE,SUB_FARMER_WELFARE,WF_DBT_DIRECT
apply for kisan 6000 support and pm kisan ekyc,PM_KISAN,DEPT_AGRICULTURE,SUB_FARMER_WELFARE,WF_DBT_DIRECT
Online registration for pm kisan ekyc on state portal,PM_KISAN,DEPT_AGRICULTURE,SUB_FARMER_WELFARE,WF_DBT_DIRECT
My pm kisan request is pending for approval please check,PM_KISAN,DEPT_AGRICULTURE,SUB_FARMER_WELFARE,WF_DBT_DIRECT
Please process my kisan registration application urgently,PM_KISAN,DEPT_AGRICULTURE,SUB_FARMER_WELFARE,WF_DBT_DIRECT
apply for farmer installment and seeds and fertilizer aid,PM_KISAN,DEPT_AGRICULTURE,SUB_FARMER_WELFARE,WF_DBT_DIRECT
apply for 2000 rupees kisan and farmer financial assistance,PM_KISAN,DEPT_AGRICULTURE,SUB_FARMER_WELFARE,WF_DBT_DIRECT
apply for dbt farmer scheme and agriculture subsidy,PM_KISAN,DEPT_AGRICULTURE,SUB_FARMER_WELFARE,WF_DBT_DIRECT
Submission of required proofs for agriculture subsidy,PM_KISAN,DEPT_AGRICULTURE,SUB_FARMER_WELFARE,WF_DBT_DIRECT
apply for farmer financial assistance and kisan 6000 support,PM_KISAN,DEPT_AGRICULTURE,SUB_FARMER_WELFARE,WF_DBT_DIRECT
We are residing in Medchal and applying for farmer installment,PM_KISAN,DEPT_AGRICULTURE,SUB_FARMER_WELFARE,WF_DBT_DIRECT
Submission of required proofs for kisan 6000 support,PM_KISAN,DEPT_AGRICULTURE,SUB_FARMER_WELFARE,WF_DBT_DIRECT
I want to apply for dbt farmer scheme in Hyderabad,PM_KISAN,DEPT_AGRICULTURE,SUB_FARMER_WELFARE,WF_DBT_DIRECT
apply for seeds and fertilizer aid and kisan registration,PM_KISAN,DEPT_AGRICULTURE,SUB_FARMER_WELFARE,WF_DBT_DIRECT
Looking for government portal to apply landholding farmer grant,PM_KISAN,DEPT_AGRICULTURE,SUB_FARMER_WELFARE,WF_DBT_DIRECT
Respected sir kindly grant 2000 rupees kisan for our family,PM_KISAN,DEPT_AGRICULTURE,SUB_FARMER_WELFARE,WF_DBT_DIRECT
respected officer please approve farmer financial assistance,PM_KISAN,DEPT_AGRICULTURE,SUB_FARMER_WELFARE,WF_DBT_DIRECT
Kindly sanction kisan 6000 support for eligible applicant,PM_KISAN,DEPT_AGRICULTURE,SUB_FARMER_WELFARE,WF_DBT_DIRECT
My dbt farmer scheme request is pending for approval please check,PM_KISAN,DEPT_AGRICULTURE,SUB_FARMER_WELFARE,WF_DBT_DIRECT
How to apply online for agriculture subsidy on official portal,PM_KISAN,DEPT_AGRICULTURE,SUB_FARMER_WELFARE,WF_DBT_DIRECT
We are residing in Hyderabad and applying for pm kisan ekyc,PM_KISAN,DEPT_AGRICULTURE,SUB_FARMER_WELFARE,WF_DBT_DIRECT
We are residing in Rangareddy and applying for kisan samman nidhi,PM_KISAN,DEPT_AGRICULTURE,SUB_FARMER_WELFARE,WF_DBT_DIRECT
We are residing in Warangal and applying for 2000 rupees kisan,PM_KISAN,DEPT_AGRICULTURE,SUB_FARMER_WELFARE,WF_DBT_DIRECT
I want to apply for pm kisan pending installment in Warangal,PM_KISAN,DEPT_AGRICULTURE,SUB_FARMER_WELFARE,WF_DBT_DIRECT
Kindly verify my details and approve landholding farmer grant,PM_KISAN,DEPT_AGRICULTURE,SUB_FARMER_WELFARE,WF_DBT_DIRECT
I want to apply for pm kisan in Medchal,PM_KISAN,DEPT_AGRICULTURE,SUB_FARMER_WELFARE,WF_DBT_DIRECT
respected officer please approve kisan samman nidhi,PM_KISAN,DEPT_AGRICULTURE,SUB_FARMER_WELFARE,WF_DBT_DIRECT
Please process my agriculture subsidy application urgently,PM_KISAN,DEPT_AGRICULTURE,SUB_FARMER_WELFARE,WF_DBT_DIRECT
Application for farmer installment under government rules,PM_KISAN,DEPT_AGRICULTURE,SUB_FARMER_WELFARE,WF_DBT_DIRECT
We are residing in Warangal and applying for kisan samman nidhi,PM_KISAN,DEPT_AGRICULTURE,SUB_FARMER_WELFARE,WF_DBT_DIRECT
We are residing in Medchal and applying for pm kisan ekyc,PM_KISAN,DEPT_AGRICULTURE,SUB_FARMER_WELFARE,WF_DBT_DIRECT
apply for farmer financial assistance and pm kisan pending installment,PM_KISAN,DEPT_AGRICULTURE,SUB_FARMER_WELFARE,WF_DBT_DIRECT
how to register dbt farmer scheme online without fee,PM_KISAN,DEPT_AGRICULTURE,SUB_FARMER_WELFARE,WF_DBT_DIRECT
apply for kisan registration and kisan registration,PM_KISAN,DEPT_AGRICULTURE,SUB_FARMER_WELFARE,WF_DBT_DIRECT
apply for kisan registration and kisan samman nidhi,PM_KISAN,DEPT_AGRICULTURE,SUB_FARMER_WELFARE,WF_DBT_DIRECT
apply for pm kisan ekyc and agriculture subsidy,PM_KISAN,DEPT_AGRICULTURE,SUB_FARMER_WELFARE,WF_DBT_DIRECT
urgent need of farmer financial assistance for poor family,PM_KISAN,DEPT_AGRICULTURE,SUB_FARMER_WELFARE,WF_DBT_DIRECT
urgent need of farmer installment for poor family,PM_KISAN,DEPT_AGRICULTURE,SUB_FARMER_WELFARE,WF_DBT_DIRECT
apply for agriculture subsidy and pm kisan pending installment,PM_KISAN,DEPT_AGRICULTURE,SUB_FARMER_WELFARE,WF_DBT_DIRECT
We are residing in Karimnagar and applying for kisan samman nidhi,PM_KISAN,DEPT_AGRICULTURE,SUB_FARMER_WELFARE,WF_DBT_DIRECT
Hello officer please guide me for farmer installment,PM_KISAN,DEPT_AGRICULTURE,SUB_FARMER_WELFARE,WF_DBT_DIRECT
We are residing in Hyderabad and applying for farmer financial assistance,PM_KISAN,DEPT_AGRICULTURE,SUB_FARMER_WELFARE,WF_DBT_DIRECT
Need official assistance regarding farmer financial assistance application,PM_KISAN,DEPT_AGRICULTURE,SUB_FARMER_WELFARE,WF_DBT_DIRECT
We are residing in Karimnagar and applying for seeds and fertilizer aid,PM_KISAN,DEPT_AGRICULTURE,SUB_FARMER_WELFARE,WF_DBT_DIRECT
application form for landholding farmer grant in Hyderabad,PM_KISAN,DEPT_AGRICULTURE,SUB_FARMER_WELFARE,WF_DBT_DIRECT
apply for kisan 6000 support and pm kisan,PM_KISAN,DEPT_AGRICULTURE,SUB_FARMER_WELFARE,WF_DBT_DIRECT
respected officer please approve kisan 6000 support,PM_KISAN,DEPT_AGRICULTURE,SUB_FARMER_WELFARE,WF_DBT_DIRECT
urgent need of landholding farmer grant for poor family,PM_KISAN,DEPT_AGRICULTURE,SUB_FARMER_WELFARE,WF_DBT_DIRECT
Looking for government portal to apply dbt farmer scheme,PM_KISAN,DEPT_AGRICULTURE,SUB_FARMER_WELFARE,WF_DBT_DIRECT
My farmer installment request is pending for approval please check,PM_KISAN,DEPT_AGRICULTURE,SUB_FARMER_WELFARE,WF_DBT_DIRECT
We are residing in Warangal and applying for landholding farmer grant,PM_KISAN,DEPT_AGRICULTURE,SUB_FARMER_WELFARE,WF_DBT_DIRECT
My kisan 6000 support request is pending for approval please check,PM_KISAN,DEPT_AGRICULTURE,SUB_FARMER_WELFARE,WF_DBT_DIRECT
respected officer please approve 2000 rupees kisan,PM_KISAN,DEPT_AGRICULTURE,SUB_FARMER_WELFARE,WF_DBT_DIRECT
I want to apply for kisan 6000 support in Medchal,PM_KISAN,DEPT_AGRICULTURE,SUB_FARMER_WELFARE,WF_DBT_DIRECT
Family annual income is low need kisan registration benefit,PM_KISAN,DEPT_AGRICULTURE,SUB_FARMER_WELFARE,WF_DBT_DIRECT
apply for farmer financial assistance and farmer financial assistance,PM_KISAN,DEPT_AGRICULTURE,SUB_FARMER_WELFARE,WF_DBT_DIRECT
Hello officer please guide me for landholding farmer grant,PM_KISAN,DEPT_AGRICULTURE,SUB_FARMER_WELFARE,WF_DBT_DIRECT
Family annual income is low need 2000 rupees kisan benefit,PM_KISAN,DEPT_AGRICULTURE,SUB_FARMER_WELFARE,WF_DBT_DIRECT
Kindly verify my details and approve dbt farmer scheme,PM_KISAN,DEPT_AGRICULTURE,SUB_FARMER_WELFARE,WF_DBT_DIRECT
Uploaded documents for kisan samman nidhi verification,PM_KISAN,DEPT_AGRICULTURE,SUB_FARMER_WELFARE,WF_DBT_DIRECT
Please process my pm kisan pending installment application urgently,PM_KISAN,DEPT_AGRICULTURE,SUB_FARMER_WELFARE,WF_DBT_DIRECT
I want to apply for dbt farmer scheme in Medchal,PM_KISAN,DEPT_AGRICULTURE,SUB_FARMER_WELFARE,WF_DBT_DIRECT
Can I get 2000 rupees kisan support for this year,PM_KISAN,DEPT_AGRICULTURE,SUB_FARMER_WELFARE,WF_DBT_DIRECT
Looking for government portal to apply agriculture subsidy,PM_KISAN,DEPT_AGRICULTURE,SUB_FARMER_WELFARE,WF_DBT_DIRECT
Hello officer please guide me for pm kisan pending installment,PM_KISAN,DEPT_AGRICULTURE,SUB_FARMER_WELFARE,WF_DBT_DIRECT
apply for pm kisan and kisan registration,PM_KISAN,DEPT_AGRICULTURE,SUB_FARMER_WELFARE,WF_DBT_DIRECT
Respected sir kindly grant farmer installment for our family,PM_KISAN,DEPT_AGRICULTURE,SUB_FARMER_WELFARE,WF_DBT_DIRECT
apply for landholding farmer grant and kisan 6000 support,PM_KISAN,DEPT_AGRICULTURE,SUB_FARMER_WELFARE,WF_DBT_DIRECT
apply for farmer financial assistance and landholding farmer grant,PM_KISAN,DEPT_AGRICULTURE,SUB_FARMER_WELFARE,WF_DBT_DIRECT
We are residing in Warangal and applying for kisan 6000 support,PM_KISAN,DEPT_AGRICULTURE,SUB_FARMER_WELFARE,WF_DBT_DIRECT
apply for kisan samman nidhi and kisan registration,PM_KISAN,DEPT_AGRICULTURE,SUB_FARMER_WELFARE,WF_DBT_DIRECT
apply for dbt farmer scheme and pm kisan,PM_KISAN,DEPT_AGRICULTURE,SUB_FARMER_WELFARE,WF_DBT_DIRECT
apply for dbt farmer scheme and pm kisan pending installment,PM_KISAN,DEPT_AGRICULTURE,SUB_FARMER_WELFARE,WF_DBT_DIRECT
I want to apply for kisan registration in Medchal,PM_KISAN,DEPT_AGRICULTURE,SUB_FARMER_WELFARE,WF_DBT_DIRECT
We are residing in Rangareddy and applying for landholding farmer grant,PM_KISAN,DEPT_AGRICULTURE,SUB_FARMER_WELFARE,WF_DBT_DIRECT
Online registration for 2000 rupees kisan on state portal,PM_KISAN,DEPT_AGRICULTURE,SUB_FARMER_WELFARE,WF_DBT_DIRECT
Kindly sanction kisan registration for eligible applicant,PM_KISAN,DEPT_AGRICULTURE,SUB_FARMER_WELFARE,WF_DBT_DIRECT
my farmer installment was submitted kindly do the needful,PM_KISAN,DEPT_AGRICULTURE,SUB_FARMER_WELFARE,WF_DBT_DIRECT
apply for kisan registration and landholding farmer grant,PM_KISAN,DEPT_AGRICULTURE,SUB_FARMER_WELFARE,WF_DBT_DIRECT
I want to apply for seeds and fertilizer aid in Karimnagar,PM_KISAN,DEPT_AGRICULTURE,SUB_FARMER_WELFARE,WF_DBT_DIRECT
my 2000 rupees kisan was submitted kindly do the needful,PM_KISAN,DEPT_AGRICULTURE,SUB_FARMER_WELFARE,WF_DBT_DIRECT
Looking for government portal to apply kisan samman nidhi,PM_KISAN,DEPT_AGRICULTURE,SUB_FARMER_WELFARE,WF_DBT_DIRECT
Application for kisan registration under government rules,PM_KISAN,DEPT_AGRICULTURE,SUB_FARMER_WELFARE,WF_DBT_DIRECT
Can I get dbt farmer scheme support for this year,PM_KISAN,DEPT_AGRICULTURE,SUB_FARMER_WELFARE,WF_DBT_DIRECT
All my eligibility documents are ready for dbt farmer scheme,PM_KISAN,DEPT_AGRICULTURE,SUB_FARMER_WELFARE,WF_DBT_DIRECT
Kindly sanction 2000 rupees kisan for eligible applicant,PM_KISAN,DEPT_AGRICULTURE,SUB_FARMER_WELFARE,WF_DBT_DIRECT
We are residing in Warangal and applying for pm kisan,PM_KISAN,DEPT_AGRICULTURE,SUB_FARMER_WELFARE,WF_DBT_DIRECT
Looking for government portal to apply pm kisan pending installment,PM_KISAN,DEPT_AGRICULTURE,SUB_FARMER_WELFARE,WF_DBT_DIRECT
apply for pm kisan pending installment and kisan 6000 support,PM_KISAN,DEPT_AGRICULTURE,SUB_FARMER_WELFARE,WF_DBT_DIRECT
I want to apply for kisan samman nidhi in Hyderabad,PM_KISAN,DEPT_AGRICULTURE,SUB_FARMER_WELFARE,WF_DBT_DIRECT
i am eligible for kisan samman nidhi uploaded all proofs,PM_KISAN,DEPT_AGRICULTURE,SUB_FARMER_WELFARE,WF_DBT_DIRECT
apply for pm kisan ekyc and kisan registration,PM_KISAN,DEPT_AGRICULTURE,SUB_FARMER_WELFARE,WF_DBT_DIRECT
We are residing in Karimnagar and applying for agriculture subsidy,PM_KISAN,DEPT_AGRICULTURE,SUB_FARMER_WELFARE,WF_DBT_DIRECT
apply for pm kisan ekyc and pm kisan pending installment,PM_KISAN,DEPT_AGRICULTURE,SUB_FARMER_WELFARE,WF_DBT_DIRECT
Can I get kisan samman nidhi support for this year,PM_KISAN,DEPT_AGRICULTURE,SUB_FARMER_WELFARE,WF_DBT_DIRECT
Need financial help and dbt farmer scheme as soon as possible,PM_KISAN,DEPT_AGRICULTURE,SUB_FARMER_WELFARE,WF_DBT_DIRECT
apply for pm kisan and landholding farmer grant,PM_KISAN,DEPT_AGRICULTURE,SUB_FARMER_WELFARE,WF_DBT_DIRECT
apply for landholding farmer grant and farmer financial assistance,PM_KISAN,DEPT_AGRICULTURE,SUB_FARMER_WELFARE,WF_DBT_DIRECT
apply for seeds and fertilizer aid and farmer installment,PM_KISAN,DEPT_AGRICULTURE,SUB_FARMER_WELFARE,WF_DBT_DIRECT
How to apply online for kisan 6000 support on official portal,PM_KISAN,DEPT_AGRICULTURE,SUB_FARMER_WELFARE,WF_DBT_DIRECT
Need official assistance regarding farmer installment application,PM_KISAN,DEPT_AGRICULTURE,SUB_FARMER_WELFARE,WF_DBT_DIRECT
respected officer please approve pm kisan,PM_KISAN,DEPT_AGRICULTURE,SUB_FARMER_WELFARE,WF_DBT_DIRECT
We are residing in Rangareddy and applying for agriculture subsidy,PM_KISAN,DEPT_AGRICULTURE,SUB_FARMER_WELFARE,WF_DBT_DIRECT
Application for pm kisan pending installment under government rules,PM_KISAN,DEPT_AGRICULTURE,SUB_FARMER_WELFARE,WF_DBT_DIRECT
Application for 2000 rupees kisan under government rules,PM_KISAN,DEPT_AGRICULTURE,SUB_FARMER_WELFARE,WF_DBT_DIRECT
apply for pm kisan and kisan samman nidhi,PM_KISAN,DEPT_AGRICULTURE,SUB_FARMER_WELFARE,WF_DBT_DIRECT
apply for landholding farmer grant and pm kisan pending installment,PM_KISAN,DEPT_AGRICULTURE,SUB_FARMER_WELFARE,WF_DBT_DIRECT
apply for farmer financial assistance and dbt farmer scheme,PM_KISAN,DEPT_AGRICULTURE,SUB_FARMER_WELFARE,WF_DBT_DIRECT
apply for kisan 6000 support and 2000 rupees kisan,PM_KISAN,DEPT_AGRICULTURE,SUB_FARMER_WELFARE,WF_DBT_DIRECT
Submission of required proofs for landholding farmer grant,PM_KISAN,DEPT_AGRICULTURE,SUB_FARMER_WELFARE,WF_DBT_DIRECT
I want to apply for pm kisan in Karimnagar,PM_KISAN,DEPT_AGRICULTURE,SUB_FARMER_WELFARE,WF_DBT_DIRECT
apply for kisan samman nidhi and landholding farmer grant,PM_KISAN,DEPT_AGRICULTURE,SUB_FARMER_WELFARE,WF_DBT_DIRECT
All my eligibility documents are ready for hospital coverage,AYUSHMAN_BHARAT,DEPT_HEALTH,SUB_HEALTH_AUTHORITY,WF_HEALTH_CARD
We are residing in Rangareddy and applying for ayushman bharat,AYUSHMAN_BHARAT,DEPT_HEALTH,SUB_HEALTH_AUTHORITY,WF_HEALTH_CARD
We are residing in Warangal and applying for cashless treatment,AYUSHMAN_BHARAT,DEPT_HEALTH,SUB_HEALTH_AUTHORITY,WF_HEALTH_CARD
apply for cashless treatment and bima card,AYUSHMAN_BHARAT,DEPT_HEALTH,SUB_HEALTH_AUTHORITY,WF_HEALTH_CARD
government scheme bpl health insurance for welfare,AYUSHMAN_BHARAT,DEPT_HEALTH,SUB_HEALTH_AUTHORITY,WF_HEALTH_CARD
How to apply online for bima card on official portal,AYUSHMAN_BHARAT,DEPT_HEALTH,SUB_HEALTH_AUTHORITY,WF_HEALTH_CARD
apply for 5 lakh free treatment and pmjay,AYUSHMAN_BHARAT,DEPT_HEALTH,SUB_HEALTH_AUTHORITY,WF_HEALTH_CARD
I want to apply for cashless treatment in Karimnagar,AYUSHMAN_BHARAT,DEPT_HEALTH,SUB_HEALTH_AUTHORITY,WF_HEALTH_CARD
Kindly sanction hospital coverage for eligible applicant,AYUSHMAN_BHARAT,DEPT_HEALTH,SUB_HEALTH_AUTHORITY,WF_HEALTH_CARD
apply for 5 lakh free treatment and inpatient medical cover,AYUSHMAN_BHARAT,DEPT_HEALTH,SUB_HEALTH_AUTHORITY,WF_HEALTH_CARD
Submission of required proofs for 5 lakh free treatment,AYUSHMAN_BHARAT,DEPT_HEALTH,SUB_HEALTH_AUTHORITY,WF_HEALTH_CARD
All my eligibility documents are ready for ayushman ekyc,AYUSHMAN_BHARAT,DEPT_HEALTH,SUB_HEALTH_AUTHORITY,WF_HEALTH_CARD
We are residing in Medchal and applying for bpl health insurance,AYUSHMAN_BHARAT,DEPT_HEALTH,SUB_HEALTH_AUTHORITY,WF_HEALTH_CARD
Please process my pmjay application urgently,AYUSHMAN_BHARAT,DEPT_HEALTH,SUB_HEALTH_AUTHORITY,WF_HEALTH_CARD
how to register national health authority online without fee,AYUSHMAN_BHARAT,DEPT_HEALTH,SUB_HEALTH_AUTHORITY,WF_HEALTH_CARD
Online registration for pmjay on state portal,AYUSHMAN_BHARAT,DEPT_HEALTH,SUB_HEALTH_AUTHORITY,WF_HEALTH_CARD
Can I get medical insurance scheme support for this year,AYUSHMAN_BHARAT,DEPT_HEALTH,SUB_HEALTH_AUTHORITY,WF_HEALTH_CARD
Please process my bima card application urgently,AYUSHMAN_BHARAT,DEPT_HEALTH,SUB_HEALTH_AUTHORITY,WF_HEALTH_CARD
Need official assistance regarding pmjay application,AYUSHMAN_BHARAT,DEPT_HEALTH,SUB_HEALTH_AUTHORITY,WF_HEALTH_CARD
Hello officer please guide me for pmjay,AYUSHMAN_BHARAT,DEPT_HEALTH,SUB_HEALTH_AUTHORITY,WF_HEALTH_CARD
apply for medical insurance scheme and 5 lakh free treatment,AYUSHMAN_BHARAT,DEPT_HEALTH,SUB_HEALTH_AUTHORITY,WF_HEALTH_CARD
Need financial help and ayushman ekyc as soon as possible,AYUSHMAN_BHARAT,DEPT_HEALTH,SUB_HEALTH_AUTHORITY,WF_HEALTH_CARD
All my eligibility documents are ready for bpl health insurance,AYUSHMAN_BHARAT,DEPT_HEALTH,SUB_HEALTH_AUTHORITY,WF_HEALTH_CARD
i am eligible for ayushman bharat uploaded all proofs,AYUSHMAN_BHARAT,DEPT_HEALTH,SUB_HEALTH_AUTHORITY,WF_HEALTH_CARD
apply for bima card and cashless treatment,AYUSHMAN_BHARAT,DEPT_HEALTH,SUB_HEALTH_AUTHORITY,WF_HEALTH_CARD
Submission of required proofs for cashless treatment,AYUSHMAN_BHARAT,DEPT_HEALTH,SUB_HEALTH_AUTHORITY,WF_HEALTH_CARD
application form for cashless treatment in Hyderabad,AYUSHMAN_BHARAT,DEPT_HEALTH,SUB_HEALTH_AUTHORITY,WF_HEALTH_CARD
apply for 5 lakh free treatment and ayushman bharat,AYUSHMAN_BHARAT,DEPT_HEALTH,SUB_HEALTH_AUTHORITY,WF_HEALTH_CARD
apply for cashless treatment and 5 lakh free treatment,AYUSHMAN_BHARAT,DEPT_HEALTH,SUB_HEALTH_AUTHORITY,WF_HEALTH_CARD
apply for hospital coverage and medical insurance scheme,AYUSHMAN_BHARAT,DEPT_HEALTH,SUB_HEALTH_AUTHORITY,WF_HEALTH_CARD
I want to apply for ayushman golden card in Karimnagar,AYUSHMAN_BHARAT,DEPT_HEALTH,SUB_HEALTH_AUTHORITY,WF_HEALTH_CARD
Need financial help and ayushman golden card as soon as possible,AYUSHMAN_BHARAT,DEPT_HEALTH,SUB_HEALTH_AUTHORITY,WF_HEALTH_CARD
how to register ayushman bharat online without fee,AYUSHMAN_BHARAT,DEPT_HEALTH,SUB_HEALTH_AUTHORITY,WF_HEALTH_CARD
apply for ayushman bharat and ayushman ekyc,AYUSHMAN_BHARAT,DEPT_HEALTH,SUB_HEALTH_AUTHORITY,WF_HEALTH_CARD
apply for ayushman bharat and cashless treatment,AYUSHMAN_BHARAT,DEPT_HEALTH,SUB_HEALTH_AUTHORITY,WF_HEALTH_CARD
Application for 5 lakh free treatment under government rules,AYUSHMAN_BHARAT,DEPT_HEALTH,SUB_HEALTH_AUTHORITY,WF_HEALTH_CARD
My bima card request is pending for approval please check,AYUSHMAN_BHARAT,DEPT_HEALTH,SUB_HEALTH_AUTHORITY,WF_HEALTH_CARD
Kindly verify my details and approve cashless treatment,AYUSHMAN_BHARAT,DEPT_HEALTH,SUB_HEALTH_AUTHORITY,WF_HEALTH_CARD
We are residing in Medchal and applying for bima card,AYUSHMAN_BHARAT,DEPT_HEALTH,SUB_HEALTH_AUTHORITY,WF_HEALTH_CARD
apply for health card and 5 lakh free treatment,AYUSHMAN_BHARAT,DEPT_HEALTH,SUB_HEALTH_AUTHORITY,WF_HEALTH_CARD
apply for health card and hospital surgery grant,AYUSHMAN_BHARAT,DEPT_HEALTH,SUB_HEALTH_AUTHORITY,WF_HEALTH_CARD
apply for inpatient medical cover and ayushman bharat,AYUSHMAN_BHARAT,DEPT_HEALTH,SUB_HEALTH_AUTHORITY,WF_HEALTH_CARD
apply for ayushman bharat and ayushman bharat,AYUSHMAN_BHARAT,DEPT_HEALTH,SUB_HEALTH_AUTHORITY,WF_HEALTH_CARD
I want to apply for medical insurance scheme in Warangal,AYUSHMAN_BHARAT,DEPT_HEALTH,SUB_HEALTH_AUTHORITY,WF_HEALTH_CARD
government scheme hospital surgery grant for welfare,AYUSHMAN_BHARAT,DEPT_HEALTH,SUB_HEALTH_AUTHORITY,WF_HEALTH_CARD
apply for hospital surgery grant and medical insurance scheme,AYUSHMAN_BHARAT,DEPT_HEALTH,SUB_HEALTH_AUTHORITY,WF_HEALTH_CARD
URGENT: Requesting immediate approval for ayushman golden card,AYUSHMAN_BHARAT,DEPT_HEALTH,SUB_HEALTH_AUTHORITY,WF_HEALTH_CARD
Need official assistance regarding ayushman golden card application,AYUSHMAN_BHARAT,DEPT_HEALTH,SUB_HEALTH_AUTHORITY,WF_HEALTH_CARD
URGENT: Requesting immediate approval for national health authority,AYUSHMAN_BHARAT,DEPT_HEALTH,SUB_HEALTH_AUTHORITY,WF_HEALTH_CARD
URGENT: Requesting immediate approval for hospital surgery grant,AYUSHMAN_BHARAT,DEPT_HEALTH,SUB_HEALTH_AUTHORITY,WF_HEALTH_CARD
Application for inpatient medical cover under government rules,AYUSHMAN_BHARAT,DEPT_HEALTH,SUB_HEALTH_AUTHORITY,WF_HEALTH_CARD
I want to apply for cashless treatment in Warangal,AYUSHMAN_BHARAT,DEPT_HEALTH,SUB_HEALTH_AUTHORITY,WF_HEALTH_CARD
apply for ayushman golden card and bpl health insurance,AYUSHMAN_BHARAT,DEPT_HEALTH,SUB_HEALTH_AUTHORITY,WF_HEALTH_CARD
apply for cashless treatment and national health authority,AYUSHMAN_BHARAT,DEPT_HEALTH,SUB_HEALTH_AUTHORITY,WF_HEALTH_CARD
i am eligible for 5 lakh free treatment uploaded all proofs,AYUSHMAN_BHARAT,DEPT_HEALTH,SUB_HEALTH_AUTHORITY,WF_HEALTH_CARD
apply for 5 lakh free treatment and hospital coverage,AYUSHMAN_BHARAT,DEPT_HEALTH,SUB_HEALTH_AUTHORITY,WF_HEALTH_CARD
my bima card was submitted kindly do the needful,AYUSHMAN_BHARAT,DEPT_HEALTH,SUB_HEALTH_AUTHORITY,WF_HEALTH_CARD
Uploaded documents for ayushman golden card verification,AYUSHMAN_BHARAT,DEPT_HEALTH,SUB_HEALTH_AUTHORITY,WF_HEALTH_CARD
apply for medical insurance scheme and bima card,AYUSHMAN_BHARAT,DEPT_HEALTH,SUB_HEALTH_AUTHORITY,WF_HEALTH_CARD
URGENT: Requesting immediate approval for hospital coverage,AYUSHMAN_BHARAT,DEPT_HEALTH,SUB_HEALTH_AUTHORITY,WF_HEALTH_CARD
We are residing in Karimnagar and applying for bpl health insurance,AYUSHMAN_BHARAT,DEPT_HEALTH,SUB_HEALTH_AUTHORITY,WF_HEALTH_CARD
apply for cashless treatment and pmjay,AYUSHMAN_BHARAT,DEPT_HEALTH,SUB_HEALTH_AUTHORITY,WF_HEALTH_CARD
apply for pmjay and bima card,AYUSHMAN_BHARAT,DEPT_HEALTH,SUB_HEALTH_AUTHORITY,WF_HEALTH_CARD
I want to apply for inpatient medical cover in Warangal,AYUSHMAN_BHARAT,DEPT_HEALTH,SUB_HEALTH_AUTHORITY,WF_HEALTH_CARD
apply for bpl health insurance and 5 lakh free treatment,AYUSHMAN_BHARAT,DEPT_HEALTH,SUB_HEALTH_AUTHORITY,WF_HEALTH_CARD
apply for bima card and national health authority,AYUSHMAN_BHARAT,DEPT_HEALTH,SUB_HEALTH_AUTHORITY,WF_HEALTH_CARD
apply for hospital surgery grant and bpl health insurance,AYUSHMAN_BHARAT,DEPT_HEALTH,SUB_HEALTH_AUTHORITY,WF_HEALTH_CARD
I want to apply for pmjay in Hyderabad,AYUSHMAN_BHARAT,DEPT_HEALTH,SUB_HEALTH_AUTHORITY,WF_HEALTH_CARD
apply for health card and bima card,AYUSHMAN_BHARAT,DEPT_HEALTH,SUB_HEALTH_AUTHORITY,WF_HEALTH_CARD
I want to apply for ayushman bharat in Rangareddy,AYUSHMAN_BHARAT,DEPT_HEALTH,SUB_HEALTH_AUTHORITY,WF_HEALTH_CARD
Family annual income is low need 5 lakh free treatment benefit,AYUSHMAN_BHARAT,DEPT_HEALTH,SUB_HEALTH_AUTHORITY,WF_HEALTH_CARD
apply for medical insurance scheme and health card,AYUSHMAN_BHARAT,DEPT_HEALTH,SUB_HEALTH_AUTHORITY,WF_HEALTH_CARD
government scheme ayushman golden card for welfare,AYUSHMAN_BHARAT,DEPT_HEALTH,SUB_HEALTH_AUTHORITY,WF_HEALTH_CARD
apply for cashless treatment and ayushman bharat,AYUSHMAN_BHARAT,DEPT_HEALTH,SUB_HEALTH_AUTHORITY,WF_HEALTH_CARD
We are residing in Rangareddy and applying for 5 lakh free treatment,AYUSHMAN_BHARAT,DEPT_HEALTH,SUB_HEALTH_AUTHORITY,WF_HEALTH_CARD
apply for bpl health insurance and cashless treatment,AYUSHMAN_BHARAT,DEPT_HEALTH,SUB_HEALTH_AUTHORITY,WF_HEALTH_CARD
Kindly verify my details and approve national health authority,AYUSHMAN_BHARAT,DEPT_HEALTH,SUB_HEALTH_AUTHORITY,WF_HEALTH_CARD
apply for 5 lakh free treatment and national health authority,AYUSHMAN_BHARAT,DEPT_HEALTH,SUB_HEALTH_AUTHORITY,WF_HEALTH_CARD
I want to apply for hospital surgery grant in Rangareddy,AYUSHMAN_BHARAT,DEPT_HEALTH,SUB_HEALTH_AUTHORITY,WF_HEALTH_CARD
I want to apply for bima card in Karimnagar,AYUSHMAN_BHARAT,DEPT_HEALTH,SUB_HEALTH_AUTHORITY,WF_HEALTH_CARD
respected officer please approve ayushman bharat,AYUSHMAN_BHARAT,DEPT_HEALTH,SUB_HEALTH_AUTHORITY,WF_HEALTH_CARD
I want to apply for ayushman golden card in Medchal,AYUSHMAN_BHARAT,DEPT_HEALTH,SUB_HEALTH_AUTHORITY,WF_HEALTH_CARD
Can I get bpl health insurance support for this year,AYUSHMAN_BHARAT,DEPT_HEALTH,SUB_HEALTH_AUTHORITY,WF_HEALTH_CARD
I want to apply for 5 lakh free treatment in Medchal,AYUSHMAN_BHARAT,DEPT_HEALTH,SUB_HEALTH_AUTHORITY,WF_HEALTH_CARD
Uploaded documents for bima card verification,AYUSHMAN_BHARAT,DEPT_HEALTH,SUB_HEALTH_AUTHORITY,WF_HEALTH_CARD
application form for medical insurance scheme in Hyderabad,AYUSHMAN_BHARAT,DEPT_HEALTH,SUB_HEALTH_AUTHORITY,WF_HEALTH_CARD
Looking for government portal to apply medical insurance scheme,AYUSHMAN_BHARAT,DEPT_HEALTH,SUB_HEALTH_AUTHORITY,WF_HEALTH_CARD
apply for hospital coverage and hospital surgery grant,AYUSHMAN_BHARAT,DEPT_HEALTH,SUB_HEALTH_AUTHORITY,WF_HEALTH_CARD
Kindly verify my details and approve hospital coverage,AYUSHMAN_BHARAT,DEPT_HEALTH,SUB_HEALTH_AUTHORITY,WF_HEALTH_CARD
Hello officer please guide me for hospital coverage,AYUSHMAN_BHARAT,DEPT_HEALTH,SUB_HEALTH_AUTHORITY,WF_HEALTH_CARD
We are residing in Warangal and applying for hospital coverage,AYUSHMAN_BHARAT,DEPT_HEALTH,SUB_HEALTH_AUTHORITY,WF_HEALTH_CARD
We are residing in Rangareddy and applying for bima card,AYUSHMAN_BHARAT,DEPT_HEALTH,SUB_HEALTH_AUTHORITY,WF_HEALTH_CARD
Can I get national health authority support for this year,AYUSHMAN_BHARAT,DEPT_HEALTH,SUB_HEALTH_AUTHORITY,WF_HEALTH_CARD
Kindly verify my details and approve hospital surgery grant,AYUSHMAN_BHARAT,DEPT_HEALTH,SUB_HEALTH_AUTHORITY,WF_HEALTH_CARD
i am eligible for pmjay uploaded all proofs,AYUSHMAN_BHARAT,DEPT_HEALTH,SUB_HEALTH_AUTHORITY,WF_HEALTH_CARD
Online registration for ayushman golden card on state portal,AYUSHMAN_BHARAT,DEPT_HEALTH,SUB_HEALTH_AUTHORITY,WF_HEALTH_CARD
Kindly verify my details and approve medical insurance scheme,AYUSHMAN_BHARAT,DEPT_HEALTH,SUB_HEALTH_AUTHORITY,WF_HEALTH_CARD
We are residing in Hyderabad and applying for bpl health insurance,AYUSHMAN_BHARAT,DEPT_HEALTH,SUB_HEALTH_AUTHORITY,WF_HEALTH_CARD
Looking for government portal to apply hospital surgery grant,AYUSHMAN_BHARAT,DEPT_HEALTH,SUB_HEALTH_AUTHORITY,WF_HEALTH_CARD
Online registration for ayushman ekyc on state portal,AYUSHMAN_BHARAT,DEPT_HEALTH,SUB_HEALTH_AUTHORITY,WF_HEALTH_CARD
Application for ayushman bharat under government rules,AYUSHMAN_BHARAT,DEPT_HEALTH,SUB_HEALTH_AUTHORITY,WF_HEALTH_CARD
apply for cashless treatment and ayushman golden card,AYUSHMAN_BHARAT,DEPT_HEALTH,SUB_HEALTH_AUTHORITY,WF_HEALTH_CARD
apply for ayushman ekyc and inpatient medical cover,AYUSHMAN_BHARAT,DEPT_HEALTH,SUB_HEALTH_AUTHORITY,WF_HEALTH_CARD
URGENT: Requesting immediate approval for 5 lakh free treatment,AYUSHMAN_BHARAT,DEPT_HEALTH,SUB_HEALTH_AUTHORITY,WF_HEALTH_CARD
Uploaded documents for hospital coverage verification,AYUSHMAN_BHARAT,DEPT_HEALTH,SUB_HEALTH_AUTHORITY,WF_HEALTH_CARD
Submission of required proofs for inpatient medical cover,AYUSHMAN_BHARAT,DEPT_HEALTH,SUB_HEALTH_AUTHORITY,WF_HEALTH_CARD
apply for hospital surgery grant and health card,AYUSHMAN_BHARAT,DEPT_HEALTH,SUB_HEALTH_AUTHORITY,WF_HEALTH_CARD
respected officer please approve ayushman golden card,AYUSHMAN_BHARAT,DEPT_HEALTH,SUB_HEALTH_AUTHORITY,WF_HEALTH_CARD
apply for hospital surgery grant and cashless treatment,AYUSHMAN_BHARAT,DEPT_HEALTH,SUB_HEALTH_AUTHORITY,WF_HEALTH_CARD
Can I get 5 lakh free treatment support for this year,AYUSHMAN_BHARAT,DEPT_HEALTH,SUB_HEALTH_AUTHORITY,WF_HEALTH_CARD
Uploaded documents for national health authority verification,AYUSHMAN_BHARAT,DEPT_HEALTH,SUB_HEALTH_AUTHORITY,WF_HEALTH_CARD
my ayushman ekyc was submitted kindly do the needful,AYUSHMAN_BHARAT,DEPT_HEALTH,SUB_HEALTH_AUTHORITY,WF_HEALTH_CARD
All my eligibility documents are ready for pmjay,AYUSHMAN_BHARAT,DEPT_HEALTH,SUB_HEALTH_AUTHORITY,WF_HEALTH_CARD
my 5 lakh free treatment was submitted kindly do the needful,AYUSHMAN_BHARAT,DEPT_HEALTH,SUB_HEALTH_AUTHORITY,WF_HEALTH_CARD
We are residing in Hyderabad and applying for ayushman golden card,AYUSHMAN_BHARAT,DEPT_HEALTH,SUB_HEALTH_AUTHORITY,WF_HEALTH_CARD
I want to apply for ayushman ekyc in Medchal,AYUSHMAN_BHARAT,DEPT_HEALTH,SUB_HEALTH_AUTHORITY,WF_HEALTH_CARD
apply for hospital surgery grant and bima card,AYUSHMAN_BHARAT,DEPT_HEALTH,SUB_HEALTH_AUTHORITY,WF_HEALTH_CARD
Kindly sanction bima card for eligible applicant,AYUSHMAN_BHARAT,DEPT_HEALTH,SUB_HEALTH_AUTHORITY,WF_HEALTH_CARD
Online registration for bpl health insurance on state portal,AYUSHMAN_BHARAT,DEPT_HEALTH,SUB_HEALTH_AUTHORITY,WF_HEALTH_CARD
Kindly verify my details and approve bima card,AYUSHMAN_BHARAT,DEPT_HEALTH,SUB_HEALTH_AUTHORITY,WF_HEALTH_CARD
apply for national health authority and hospital surgery grant,AYUSHMAN_BHARAT,DEPT_HEALTH,SUB_HEALTH_AUTHORITY,WF_HEALTH_CARD
apply for ayushman bharat and medical insurance scheme,AYUSHMAN_BHARAT,DEPT_HEALTH,SUB_HEALTH_AUTHORITY,WF_HEALTH_CARD
apply for pmjay and ayushman ekyc,AYUSHMAN_BHARAT,DEPT_HEALTH,SUB_HEALTH_AUTHORITY,WF_HEALTH_CARD
Hello officer please guide me for health card,AYUSHMAN_BHARAT,DEPT_HEALTH,SUB_HEALTH_AUTHORITY,WF_HEALTH_CARD
respected officer please approve hospital surgery grant,AYUSHMAN_BHARAT,DEPT_HEALTH,SUB_HEALTH_AUTHORITY,WF_HEALTH_CARD
urgent need of hospital coverage for poor family,AYUSHMAN_BHARAT,DEPT_HEALTH,SUB_HEALTH_AUTHORITY,WF_HEALTH_CARD
Please process my inpatient medical cover application urgently,AYUSHMAN_BHARAT,DEPT_HEALTH,SUB_HEALTH_AUTHORITY,WF_HEALTH_CARD
government scheme health card for welfare,AYUSHMAN_BHARAT,DEPT_HEALTH,SUB_HEALTH_AUTHORITY,WF_HEALTH_CARD
I want to apply for bima card in Medchal,AYUSHMAN_BHARAT,DEPT_HEALTH,SUB_HEALTH_AUTHORITY,WF_HEALTH_CARD
I want to apply for cashless treatment in Medchal,AYUSHMAN_BHARAT,DEPT_HEALTH,SUB_HEALTH_AUTHORITY,WF_HEALTH_CARD
apply for hospital surgery grant and ayushman ekyc,AYUSHMAN_BHARAT,DEPT_HEALTH,SUB_HEALTH_AUTHORITY,WF_HEALTH_CARD
apply for bpl health insurance and bima card,AYUSHMAN_BHARAT,DEPT_HEALTH,SUB_HEALTH_AUTHORITY,WF_HEALTH_CARD
Hello officer please guide me for cashless treatment,AYUSHMAN_BHARAT,DEPT_HEALTH,SUB_HEALTH_AUTHORITY,WF_HEALTH_CARD
My ayushman ekyc request is pending for approval please check,AYUSHMAN_BHARAT,DEPT_HEALTH,SUB_HEALTH_AUTHORITY,WF_HEALTH_CARD
how to register hospital coverage online without fee,AYUSHMAN_BHARAT,DEPT_HEALTH,SUB_HEALTH_AUTHORITY,WF_HEALTH_CARD
We are residing in Karimnagar and applying for ayushman golden card,AYUSHMAN_BHARAT,DEPT_HEALTH,SUB_HEALTH_AUTHORITY,WF_HEALTH_CARD
Looking for government portal to apply bpl health insurance,AYUSHMAN_BHARAT,DEPT_HEALTH,SUB_HEALTH_AUTHORITY,WF_HEALTH_CARD
apply for cashless treatment and bpl health insurance,AYUSHMAN_BHARAT,DEPT_HEALTH,SUB_HEALTH_AUTHORITY,WF_HEALTH_CARD
Looking for government portal to apply inpatient medical cover,AYUSHMAN_BHARAT,DEPT_HEALTH,SUB_HEALTH_AUTHORITY,WF_HEALTH_CARD
Hello officer please guide me for bima card,AYUSHMAN_BHARAT,DEPT_HEALTH,SUB_HEALTH_AUTHORITY,WF_HEALTH_CARD
Application for hospital surgery grant under government rules,AYUSHMAN_BHARAT,DEPT_HEALTH,SUB_HEALTH_AUTHORITY,WF_HEALTH_CARD
apply for ayushman bharat and bima card,AYUSHMAN_BHARAT,DEPT_HEALTH,SUB_HEALTH_AUTHORITY,WF_HEALTH_CARD
apply for hospital coverage and health card,AYUSHMAN_BHARAT,DEPT_HEALTH,SUB_HEALTH_AUTHORITY,WF_HEALTH_CARD
How to apply online for ayushman ekyc on official portal,AYUSHMAN_BHARAT,DEPT_HEALTH,SUB_HEALTH_AUTHORITY,WF_HEALTH_CARD
We are residing in Hyderabad and applying for bima card,AYUSHMAN_BHARAT,DEPT_HEALTH,SUB_HEALTH_AUTHORITY,WF_HEALTH_CARD
Family annual income is low need ayushman bharat benefit,AYUSHMAN_BHARAT,DEPT_HEALTH,SUB_HEALTH_AUTHORITY,WF_HEALTH_CARD
We are residing in Medchal and applying for inpatient medical cover,AYUSHMAN_BHARAT,DEPT_HEALTH,SUB_HEALTH_AUTHORITY,WF_HEALTH_CARD
My hospital coverage request is pending for approval please check,AYUSHMAN_BHARAT,DEPT_HEALTH,SUB_HEALTH_AUTHORITY,WF_HEALTH_CARD
Uploaded documents for health card verification,AYUSHMAN_BHARAT,DEPT_HEALTH,SUB_HEALTH_AUTHORITY,WF_HEALTH_CARD
I want to apply for pmjay in Karimnagar,AYUSHMAN_BHARAT,DEPT_HEALTH,SUB_HEALTH_AUTHORITY,WF_HEALTH_CARD
I want to apply for bpl health insurance in Warangal,AYUSHMAN_BHARAT,DEPT_HEALTH,SUB_HEALTH_AUTHORITY,WF_HEALTH_CARD
I want to apply for health card in Hyderabad,AYUSHMAN_BHARAT,DEPT_HEALTH,SUB_HEALTH_AUTHORITY,WF_HEALTH_CARD
Submission of required proofs for pmjay,AYUSHMAN_BHARAT,DEPT_HEALTH,SUB_HEALTH_AUTHORITY,WF_HEALTH_CARD
apply for inpatient medical cover and inpatient medical cover,AYUSHMAN_BHARAT,DEPT_HEALTH,SUB_HEALTH_AUTHORITY,WF_HEALTH_CARD
Looking for government portal to apply ayushman golden card,AYUSHMAN_BHARAT,DEPT_HEALTH,SUB_HEALTH_AUTHORITY,WF_HEALTH_CARD
apply for hospital coverage and 5 lakh free treatment,AYUSHMAN_BHARAT,DEPT_HEALTH,SUB_HEALTH_AUTHORITY,WF_HEALTH_CARD
government scheme medical insurance scheme for welfare,AYUSHMAN_BHARAT,DEPT_HEALTH,SUB_HEALTH_AUTHORITY,WF_HEALTH_CARD
We are residing in Karimnagar and applying for inpatient medical cover,AYUSHMAN_BHARAT,DEPT_HEALTH,SUB_HEALTH_AUTHORITY,WF_HEALTH_CARD
Please process my ayushman golden card application urgently,AYUSHMAN_BHARAT,DEPT_HEALTH,SUB_HEALTH_AUTHORITY,WF_HEALTH_CARD
I want to apply for medical insurance scheme in Karimnagar,AYUSHMAN_BHARAT,DEPT_HEALTH,SUB_HEALTH_AUTHORITY,WF_HEALTH_CARD
Looking for government portal to apply hospital coverage,AYUSHMAN_BHARAT,DEPT_HEALTH,SUB_HEALTH_AUTHORITY,WF_HEALTH_CARD
How to apply online for health card on official portal,AYUSHMAN_BHARAT,DEPT_HEALTH,SUB_HEALTH_AUTHORITY,WF_HEALTH_CARD
We are residing in Hyderabad and applying for health card,AYUSHMAN_BHARAT,DEPT_HEALTH,SUB_HEALTH_AUTHORITY,WF_HEALTH_CARD
application form for ayushman bharat in Hyderabad,AYUSHMAN_BHARAT,DEPT_HEALTH,SUB_HEALTH_AUTHORITY,WF_HEALTH_CARD
i am eligible for medical insurance scheme uploaded all proofs,AYUSHMAN_BHARAT,DEPT_HEALTH,SUB_HEALTH_AUTHORITY,WF_HEALTH_CARD
application form for health card in Hyderabad,AYUSHMAN_BHARAT,DEPT_HEALTH,SUB_HEALTH_AUTHORITY,WF_HEALTH_CARD
apply for inpatient medical cover and pmjay,AYUSHMAN_BHARAT,DEPT_HEALTH,SUB_HEALTH_AUTHORITY,WF_HEALTH_CARD
apply for ayushman ekyc and bpl health insurance,AYUSHMAN_BHARAT,DEPT_HEALTH,SUB_HEALTH_AUTHORITY,WF_HEALTH_CARD
apply for health card and cashless treatment,AYUSHMAN_BHARAT,DEPT_HEALTH,SUB_HEALTH_AUTHORITY,WF_HEALTH_CARD
i am eligible for health card uploaded all proofs,AYUSHMAN_BHARAT,DEPT_HEALTH,SUB_HEALTH_AUTHORITY,WF_HEALTH_CARD
apply for ayushman ekyc and 5 lakh free treatment,AYUSHMAN_BHARAT,DEPT_HEALTH,SUB_HEALTH_AUTHORITY,WF_HEALTH_CARD
how to register health card online without fee,AYUSHMAN_BHARAT,DEPT_HEALTH,SUB_HEALTH_AUTHORITY,WF_HEALTH_CARD
Respected sir kindly grant 5 lakh free treatment for our family,AYUSHMAN_BHARAT,DEPT_HEALTH,SUB_HEALTH_AUTHORITY,WF_HEALTH_CARD
URGENT: Requesting immediate approval for pmjay,AYUSHMAN_BHARAT,DEPT_HEALTH,SUB_HEALTH_AUTHORITY,WF_HEALTH_CARD
apply for inpatient medical cover and hospital surgery grant,AYUSHMAN_BHARAT,DEPT_HEALTH,SUB_HEALTH_AUTHORITY,WF_HEALTH_CARD
Respected sir kindly grant ayushman ekyc for our family,AYUSHMAN_BHARAT,DEPT_HEALTH,SUB_HEALTH_AUTHORITY,WF_HEALTH_CARD
I want to apply for hospital surgery grant in Hyderabad,AYUSHMAN_BHARAT,DEPT_HEALTH,SUB_HEALTH_AUTHORITY,WF_HEALTH_CARD
Submission of required proofs for bpl health insurance,AYUSHMAN_BHARAT,DEPT_HEALTH,SUB_HEALTH_AUTHORITY,WF_HEALTH_CARD
application form for 5 lakh free treatment in Hyderabad,AYUSHMAN_BHARAT,DEPT_HEALTH,SUB_HEALTH_AUTHORITY,WF_HEALTH_CARD
apply for cashless treatment and ayushman ekyc,AYUSHMAN_BHARAT,DEPT_HEALTH,SUB_HEALTH_AUTHORITY,WF_HEALTH_CARD
My medical insurance scheme request is pending for approval please check,AYUSHMAN_BHARAT,DEPT_HEALTH,SUB_HEALTH_AUTHORITY,WF_HEALTH_CARD
my hospital coverage was submitted kindly do the needful,AYUSHMAN_BHARAT,DEPT_HEALTH,SUB_HEALTH_AUTHORITY,WF_HEALTH_CARD
apply for pmjay and inpatient medical cover,AYUSHMAN_BHARAT,DEPT_HEALTH,SUB_HEALTH_AUTHORITY,WF_HEALTH_CARD
Please process my hospital surgery grant application urgently,AYUSHMAN_BHARAT,DEPT_HEALTH,SUB_HEALTH_AUTHORITY,WF_HEALTH_CARD
Need official assistance regarding health card application,AYUSHMAN_BHARAT,DEPT_HEALTH,SUB_HEALTH_AUTHORITY,WF_HEALTH_CARD
I want to apply for bpl health insurance in Karimnagar,AYUSHMAN_BHARAT,DEPT_HEALTH,SUB_HEALTH_AUTHORITY,WF_HEALTH_CARD
apply for ayushman golden card and ayushman ekyc,AYUSHMAN_BHARAT,DEPT_HEALTH,SUB_HEALTH_AUTHORITY,WF_HEALTH_CARD
apply for national health authority and ayushman ekyc,AYUSHMAN_BHARAT,DEPT_HEALTH,SUB_HEALTH_AUTHORITY,WF_HEALTH_CARD
Kindly verify my details and approve ayushman golden card,AYUSHMAN_BHARAT,DEPT_HEALTH,SUB_HEALTH_AUTHORITY,WF_HEALTH_CARD
Looking for government portal to apply cashless treatment,AYUSHMAN_BHARAT,DEPT_HEALTH,SUB_HEALTH_AUTHORITY,WF_HEALTH_CARD
apply for hospital surgery grant and ayushman golden card,AYUSHMAN_BHARAT,DEPT_HEALTH,SUB_HEALTH_AUTHORITY,WF_HEALTH_CARD
Looking for government portal to apply ayushman ekyc,AYUSHMAN_BHARAT,DEPT_HEALTH,SUB_HEALTH_AUTHORITY,WF_HEALTH_CARD
Uploaded documents for 5 lakh free treatment verification,AYUSHMAN_BHARAT,DEPT_HEALTH,SUB_HEALTH_AUTHORITY,WF_HEALTH_CARD
Need financial help and national health authority as soon as possible,AYUSHMAN_BHARAT,DEPT_HEALTH,SUB_HEALTH_AUTHORITY,WF_HEALTH_CARD
We are residing in Medchal and applying for hospital coverage,AYUSHMAN_BHARAT,DEPT_HEALTH,SUB_HEALTH_AUTHORITY,WF_HEALTH_CARD
apply for hospital surgery grant and hospital coverage,AYUSHMAN_BHARAT,DEPT_HEALTH,SUB_HEALTH_AUTHORITY,WF_HEALTH_CARD
apply for ayushman golden card and pmjay,AYUSHMAN_BHARAT,DEPT_HEALTH,SUB_HEALTH_AUTHORITY,WF_HEALTH_CARD
apply for cashless treatment and hospital surgery grant,AYUSHMAN_BHARAT,DEPT_HEALTH,SUB_HEALTH_AUTHORITY,WF_HEALTH_CARD
apply for medical insurance scheme and ayushman ekyc,AYUSHMAN_BHARAT,DEPT_HEALTH,SUB_HEALTH_AUTHORITY,WF_HEALTH_CARD
application form for national health authority in Hyderabad,AYUSHMAN_BHARAT,DEPT_HEALTH,SUB_HEALTH_AUTHORITY,WF_HEALTH_CARD
i am eligible for inpatient medical cover uploaded all proofs,AYUSHMAN_BHARAT,DEPT_HEALTH,SUB_HEALTH_AUTHORITY,WF_HEALTH_CARD
I want to apply for national health authority in Rangareddy,AYUSHMAN_BHARAT,DEPT_HEALTH,SUB_HEALTH_AUTHORITY,WF_HEALTH_CARD
apply for ayushman ekyc and pmjay,AYUSHMAN_BHARAT,DEPT_HEALTH,SUB_HEALTH_AUTHORITY,WF_HEALTH_CARD
apply for national health authority and medical insurance scheme,AYUSHMAN_BHARAT,DEPT_HEALTH,SUB_HEALTH_AUTHORITY,WF_HEALTH_CARD
i am eligible for bpl health insurance uploaded all proofs,AYUSHMAN_BHARAT,DEPT_HEALTH,SUB_HEALTH_AUTHORITY,WF_HEALTH_CARD
Kindly sanction ayushman bharat for eligible applicant,AYUSHMAN_BHARAT,DEPT_HEALTH,SUB_HEALTH_AUTHORITY,WF_HEALTH_CARD
Please process my national health authority application urgently,AYUSHMAN_BHARAT,DEPT_HEALTH,SUB_HEALTH_AUTHORITY,WF_HEALTH_CARD
We are residing in Hyderabad and applying for cashless treatment,AYUSHMAN_BHARAT,DEPT_HEALTH,SUB_HEALTH_AUTHORITY,WF_HEALTH_CARD
My bpl health insurance request is pending for approval please check,AYUSHMAN_BHARAT,DEPT_HEALTH,SUB_HEALTH_AUTHORITY,WF_HEALTH_CARD
apply for ayushman bharat and inpatient medical cover,AYUSHMAN_BHARAT,DEPT_HEALTH,SUB_HEALTH_AUTHORITY,WF_HEALTH_CARD
I want to apply for 5 lakh free treatment in Warangal,AYUSHMAN_BHARAT,DEPT_HEALTH,SUB_HEALTH_AUTHORITY,WF_HEALTH_CARD
application form for bpl health insurance in Hyderabad,AYUSHMAN_BHARAT,DEPT_HEALTH,SUB_HEALTH_AUTHORITY,WF_HEALTH_CARD
I want to apply for pmjay in Rangareddy,AYUSHMAN_BHARAT,DEPT_HEALTH,SUB_HEALTH_AUTHORITY,WF_HEALTH_CARD
apply for ayushman golden card and national health authority,AYUSHMAN_BHARAT,DEPT_HEALTH,SUB_HEALTH_AUTHORITY,WF_HEALTH_CARD
apply for inpatient medical cover and bima card,AYUSHMAN_BHARAT,DEPT_HEALTH,SUB_HEALTH_AUTHORITY,WF_HEALTH_CARD
apply for ayushman golden card and inpatient medical cover,AYUSHMAN_BHARAT,DEPT_HEALTH,SUB_HEALTH_AUTHORITY,WF_HEALTH_CARD
I want to apply for national health authority in Warangal,AYUSHMAN_BHARAT,DEPT_HEALTH,SUB_HEALTH_AUTHORITY,WF_HEALTH_CARD
Family annual income is low need ayushman golden card benefit,AYUSHMAN_BHARAT,DEPT_HEALTH,SUB_HEALTH_AUTHORITY,WF_HEALTH_CARD
apply for bpl health insurance and bpl health insurance,AYUSHMAN_BHARAT,DEPT_HEALTH,SUB_HEALTH_AUTHORITY,WF_HEALTH_CARD
We are residing in Warangal and applying for pmjay,AYUSHMAN_BHARAT,DEPT_HEALTH,SUB_HEALTH_AUTHORITY,WF_HEALTH_CARD
respected officer please approve bima card,AYUSHMAN_BHARAT,DEPT_HEALTH,SUB_HEALTH_AUTHORITY,WF_HEALTH_CARD
We are residing in Medchal and applying for 5 lakh free treatment,AYUSHMAN_BHARAT,DEPT_HEALTH,SUB_HEALTH_AUTHORITY,WF_HEALTH_CARD
I want to apply for inpatient medical cover in Rangareddy,AYUSHMAN_BHARAT,DEPT_HEALTH,SUB_HEALTH_AUTHORITY,WF_HEALTH_CARD
Need financial help and bpl health insurance as soon as possible,AYUSHMAN_BHARAT,DEPT_HEALTH,SUB_HEALTH_AUTHORITY,WF_HEALTH_CARD
apply for ayushman golden card and bima card,AYUSHMAN_BHARAT,DEPT_HEALTH,SUB_HEALTH_AUTHORITY,WF_HEALTH_CARD
Online registration for hospital surgery grant on state portal,AYUSHMAN_BHARAT,DEPT_HEALTH,SUB_HEALTH_AUTHORITY,WF_HEALTH_CARD
I want to apply for hospital surgery grant in Karimnagar,AYUSHMAN_BHARAT,DEPT_HEALTH,SUB_HEALTH_AUTHORITY,WF_HEALTH_CARD
Kindly sanction inpatient medical cover for eligible applicant,AYUSHMAN_BHARAT,DEPT_HEALTH,SUB_HEALTH_AUTHORITY,WF_HEALTH_CARD
apply for hospital surgery grant and ayushman bharat,AYUSHMAN_BHARAT,DEPT_HEALTH,SUB_HEALTH_AUTHORITY,WF_HEALTH_CARD
how to register medical insurance scheme online without fee,AYUSHMAN_BHARAT,DEPT_HEALTH,SUB_HEALTH_AUTHORITY,WF_HEALTH_CARD
My ayushman bharat request is pending for approval please check,AYUSHMAN_BHARAT,DEPT_HEALTH,SUB_HEALTH_AUTHORITY,WF_HEALTH_CARD
Application for ayushman golden card under government rules,AYUSHMAN_BHARAT,DEPT_HEALTH,SUB_HEALTH_AUTHORITY,WF_HEALTH_CARD
Need financial help and medical insurance scheme as soon as possible,AYUSHMAN_BHARAT,DEPT_HEALTH,SUB_HEALTH_AUTHORITY,WF_HEALTH_CARD
apply for ayushman ekyc and hospital surgery grant,AYUSHMAN_BHARAT,DEPT_HEALTH,SUB_HEALTH_AUTHORITY,WF_HEALTH_CARD
apply for 5 lakh free treatment and medical insurance scheme,AYUSHMAN_BHARAT,DEPT_HEALTH,SUB_HEALTH_AUTHORITY,WF_HEALTH_CARD
I want to apply for ayushman golden card in Rangareddy,AYUSHMAN_BHARAT,DEPT_HEALTH,SUB_HEALTH_AUTHORITY,WF_HEALTH_CARD
apply for pmjay and ayushman bharat,AYUSHMAN_BHARAT,DEPT_HEALTH,SUB_HEALTH_AUTHORITY,WF_HEALTH_CARD
Kindly verify my details and approve 5 lakh free treatment,AYUSHMAN_BHARAT,DEPT_HEALTH,SUB_HEALTH_AUTHORITY,WF_HEALTH_CARD
my pmjay was submitted kindly do the needful,AYUSHMAN_BHARAT,DEPT_HEALTH,SUB_HEALTH_AUTHORITY,WF_HEALTH_CARD
We are residing in Medchal and applying for medical insurance scheme,AYUSHMAN_BHARAT,DEPT_HEALTH,SUB_HEALTH_AUTHORITY,WF_HEALTH_CARD
Hello officer please guide me for ayushman ekyc,AYUSHMAN_BHARAT,DEPT_HEALTH,SUB_HEALTH_AUTHORITY,WF_HEALTH_CARD
Please process my ayushman ekyc application urgently,AYUSHMAN_BHARAT,DEPT_HEALTH,SUB_HEALTH_AUTHORITY,WF_HEALTH_CARD
apply for hospital surgery grant and national health authority,AYUSHMAN_BHARAT,DEPT_HEALTH,SUB_HEALTH_AUTHORITY,WF_HEALTH_CARD
We are residing in Warangal and applying for ayushman golden card,AYUSHMAN_BHARAT,DEPT_HEALTH,SUB_HEALTH_AUTHORITY,WF_HEALTH_CARD
How to apply online for hospital coverage on official portal,AYUSHMAN_BHARAT,DEPT_HEALTH,SUB_HEALTH_AUTHORITY,WF_HEALTH_CARD
All my eligibility documents are ready for pm awas yojana,PM_AWAS,DEPT_HOUSING,SUB_URBAN_HOUSING,WF_HOUSING_SANCTION
We are residing in Rangareddy and applying for beneficiary led construction,PM_AWAS,DEPT_HOUSING,SUB_URBAN_HOUSING,WF_HOUSING_SANCTION
We are residing in Warangal and applying for interest subsidy clss,PM_AWAS,DEPT_HOUSING,SUB_URBAN_HOUSING,WF_HOUSING_SANCTION
apply for interest subsidy clss and housing sanction,PM_AWAS,DEPT_HOUSING,SUB_URBAN_HOUSING,WF_HOUSING_SANCTION
government scheme housing scheme for welfare,PM_AWAS,DEPT_HOUSING,SUB_URBAN_HOUSING,WF_HOUSING_SANCTION
How to apply online for housing sanction on official portal,PM_AWAS,DEPT_HOUSING,SUB_URBAN_HOUSING,WF_HOUSING_SANCTION
apply for 2.5 lakh housing grant and urban housing assistance,PM_AWAS,DEPT_HOUSING,SUB_URBAN_HOUSING,WF_HOUSING_SANCTION
I want to apply for interest subsidy clss in Karimnagar,PM_AWAS,DEPT_HOUSING,SUB_URBAN_HOUSING,WF_HOUSING_SANCTION
Kindly sanction pm awas yojana for eligible applicant,PM_AWAS,DEPT_HOUSING,SUB_URBAN_HOUSING,WF_HOUSING_SANCTION
apply for 2.5 lakh housing grant and pmay geo tagging,PM_AWAS,DEPT_HOUSING,SUB_URBAN_HOUSING,WF_HOUSING_SANCTION
Submission of required proofs for 2.5 lakh housing grant,PM_AWAS,DEPT_HOUSING,SUB_URBAN_HOUSING,WF_HOUSING_SANCTION
All my eligibility documents are ready for home construction grant,PM_AWAS,DEPT_HOUSING,SUB_URBAN_HOUSING,WF_HOUSING_SANCTION
We are residing in Medchal and applying for housing scheme,PM_AWAS,DEPT_HOUSING,SUB_URBAN_HOUSING,WF_HOUSING_SANCTION
Please process my urban housing assistance application urgently,PM_AWAS,DEPT_HOUSING,SUB_URBAN_HOUSING,WF_HOUSING_SANCTION
how to register pucca house subsidy online without fee,PM_AWAS,DEPT_HOUSING,SUB_URBAN_HOUSING,WF_HOUSING_SANCTION
Online registration for urban housing assistance on state portal,PM_AWAS,DEPT_HOUSING,SUB_URBAN_HOUSING,WF_HOUSING_SANCTION
Can I get pradhan mantri awas support for this year,PM_AWAS,DEPT_HOUSING,SUB_URBAN_HOUSING,WF_HOUSING_SANCTION
Please process my housing sanction application urgently,PM_AWAS,DEPT_HOUSING,SUB_URBAN_HOUSING,WF_HOUSING_SANCTION
Need official assistance regarding urban housing assistance application,PM_AWAS,DEPT_HOUSING,SUB_URBAN_HOUSING,WF_HOUSING_SANCTION
Hello officer please guide me for urban housing assistance,PM_AWAS,DEPT_HOUSING,SUB_URBAN_HOUSING,WF_HOUSING_SANCTION
apply for pradhan mantri awas and 2.5 lakh housing grant,PM_AWAS,DEPT_HOUSING,SUB_URBAN_HOUSING,WF_HOUSING_SANCTION
Need financial help and home construction grant as soon as possible,PM_AWAS,DEPT_HOUSING,SUB_URBAN_HOUSING,WF_HOUSING_SANCTION
All my eligibility documents are ready for housing scheme,PM_AWAS,DEPT_HOUSING,SUB_URBAN_HOUSING,WF_HOUSING_SANCTION
i am eligible for beneficiary led construction uploaded all proofs,PM_AWAS,DEPT_HOUSING,SUB_URBAN_HOUSING,WF_HOUSING_SANCTION
apply for housing sanction and interest subsidy clss,PM_AWAS,DEPT_HOUSING,SUB_URBAN_HOUSING,WF_HOUSING_SANCTION
Submission of required proofs for interest subsidy clss,PM_AWAS,DEPT_HOUSING,SUB_URBAN_HOUSING,WF_HOUSING_SANCTION
application form for interest subsidy clss in Hyderabad,PM_AWAS,DEPT_HOUSING,SUB_URBAN_HOUSING,WF_HOUSING_SANCTION
apply for 2.5 lakh housing grant and beneficiary led construction,PM_AWAS,DEPT_HOUSING,SUB_URBAN_HOUSING,WF_HOUSING_SANCTION
apply for interest subsidy clss and 2.5 lakh housing grant,PM_AWAS,DEPT_HOUSING,SUB_URBAN_HOUSING,WF_HOUSING_SANCTION
apply for pm awas yojana and pradhan mantri awas,PM_AWAS,DEPT_HOUSING,SUB_URBAN_HOUSING,WF_HOUSING_SANCTION
I want to apply for house allotment in Karimnagar,PM_AWAS,DEPT_HOUSING,SUB_URBAN_HOUSING,WF_HOUSING_SANCTION
Need financial help and house allotment as soon as possible,PM_AWAS,DEPT_HOUSING,SUB_URBAN_HOUSING,WF_HOUSING_SANCTION
how to register beneficiary led construction online without fee,PM_AWAS,DEPT_HOUSING,SUB_URBAN_HOUSING,WF_HOUSING_SANCTION
apply for beneficiary led construction and home construction grant,PM_AWAS,DEPT_HOUSING,SUB_URBAN_HOUSING,WF_HOUSING_SANCTION
apply for beneficiary led construction and interest subsidy clss,PM_AWAS,DEPT_HOUSING,SUB_URBAN_HOUSING,WF_HOUSING_SANCTION
Application for 2.5 lakh housing grant under government rules,PM_AWAS,DEPT_HOUSING,SUB_URBAN_HOUSING,WF_HOUSING_SANCTION
My housing sanction request is pending for approval please check,PM_AWAS,DEPT_HOUSING,SUB_URBAN_HOUSING,WF_HOUSING_SANCTION
Kindly verify my details and approve interest subsidy clss,PM_AWAS,DEPT_HOUSING,SUB_URBAN_HOUSING,WF_HOUSING_SANCTION
We are residing in Medchal and applying for housing sanction,PM_AWAS,DEPT_HOUSING,SUB_URBAN_HOUSING,WF_HOUSING_SANCTION
apply for kutcha house replacement and 2.5 lakh housing grant,PM_AWAS,DEPT_HOUSING,SUB_URBAN_HOUSING,WF_HOUSING_SANCTION
apply for kutcha house replacement and pmay,PM_AWAS,DEPT_HOUSING,SUB_URBAN_HOUSING,WF_HOUSING_SANCTION
apply for pmay geo tagging and beneficiary led construction,PM_AWAS,DEPT_HOUSING,SUB_URBAN_HOUSING,WF_HOUSING_SANCTION
apply for beneficiary led construction and beneficiary led construction,PM_AWAS,DEPT_HOUSING,SUB_URBAN_HOUSING,WF_HOUSING_SANCTION
I want to apply for pradhan mantri awas in Warangal,PM_AWAS,DEPT_HOUSING,SUB_URBAN_HOUSING,WF_HOUSING_SANCTION
government scheme pmay for welfare,PM_AWAS,DEPT_HOUSING,SUB_URBAN_HOUSING,WF_HOUSING_SANCTION
apply for pmay and pradhan mantri awas,PM_AWAS,DEPT_HOUSING,SUB_URBAN_HOUSING,WF_HOUSING_SANCTION
URGENT: Requesting immediate approval for house allotment,PM_AWAS,DEPT_HOUSING,SUB_URBAN_HOUSING,WF_HOUSING_SANCTION
Need official assistance regarding house allotment application,PM_AWAS,DEPT_HOUSING,SUB_URBAN_HOUSING,WF_HOUSING_SANCTION
URGENT: Requesting immediate approval for pucca house subsidy,PM_AWAS,DEPT_HOUSING,SUB_URBAN_HOUSING,WF_HOUSING_SANCTION
URGENT: Requesting immediate approval for pmay,PM_AWAS,DEPT_HOUSING,SUB_URBAN_HOUSING,WF_HOUSING_SANCTION
Application for pmay under government rules,PM_AWAS,DEPT_HOUSING,SUB_URBAN_HOUSING,WF_HOUSING_SANCTION
I want to apply for interest subsidy clss in Warangal,PM_AWAS,DEPT_HOUSING,SUB_URBAN_HOUSING,WF_HOUSING_SANCTION
apply for house allotment and housing scheme,PM_AWAS,DEPT_HOUSING,SUB_URBAN_HOUSING,WF_HOUSING_SANCTION
apply for interest subsidy clss and pucca house subsidy,PM_AWAS,DEPT_HOUSING,SUB_URBAN_HOUSING,WF_HOUSING_SANCTION
i am eligible for 2.5 lakh housing grant uploaded all proofs,PM_AWAS,DEPT_HOUSING,SUB_URBAN_HOUSING,WF_HOUSING_SANCTION
apply for 2.5 lakh housing grant and pm awas yojana,PM_AWAS,DEPT_HOUSING,SUB_URBAN_HOUSING,WF_HOUSING_SANCTION
my housing sanction was submitted kindly do the needful,PM_AWAS,DEPT_HOUSING,SUB_URBAN_HOUSING,WF_HOUSING_SANCTION
Uploaded documents for house allotment verification,PM_AWAS,DEPT_HOUSING,SUB_URBAN_HOUSING,WF_HOUSING_SANCTION
apply for pradhan mantri awas and housing sanction,PM_AWAS,DEPT_HOUSING,SUB_URBAN_HOUSING,WF_HOUSING_SANCTION
URGENT: Requesting immediate approval for pm awas yojana,PM_AWAS,DEPT_HOUSING,SUB_URBAN_HOUSING,WF_HOUSING_SANCTION
We are residing in Karimnagar and applying for housing scheme,PM_AWAS,DEPT_HOUSING,SUB_URBAN_HOUSING,WF_HOUSING_SANCTION
apply for interest subsidy clss and urban housing assistance,PM_AWAS,DEPT_HOUSING,SUB_URBAN_HOUSING,WF_HOUSING_SANCTION
apply for urban housing assistance and housing sanction,PM_AWAS,DEPT_HOUSING,SUB_URBAN_HOUSING,WF_HOUSING_SANCTION
I want to apply for pmay in Warangal,PM_AWAS,DEPT_HOUSING,SUB_URBAN_HOUSING,WF_HOUSING_SANCTION
apply for housing scheme and 2.5 lakh housing grant,PM_AWAS,DEPT_HOUSING,SUB_URBAN_HOUSING,WF_HOUSING_SANCTION
apply for housing sanction and pucca house subsidy,PM_AWAS,DEPT_HOUSING,SUB_URBAN_HOUSING,WF_HOUSING_SANCTION
apply for pmay and housing scheme,PM_AWAS,DEPT_HOUSING,SUB_URBAN_HOUSING,WF_HOUSING_SANCTION
I want to apply for urban housing assistance in Hyderabad,PM_AWAS,DEPT_HOUSING,SUB_URBAN_HOUSING,WF_HOUSING_SANCTION
apply for kutcha house replacement and housing sanction,PM_AWAS,DEPT_HOUSING,SUB_URBAN_HOUSING,WF_HOUSING_SANCTION
I want to apply for beneficiary led construction in Rangareddy,PM_AWAS,DEPT_HOUSING,SUB_URBAN_HOUSING,WF_HOUSING_SANCTION
Family annual income is low need 2.5 lakh housing grant benefit,PM_AWAS,DEPT_HOUSING,SUB_URBAN_HOUSING,WF_HOUSING_SANCTION
apply for pradhan mantri awas and kutcha house replacement,PM_AWAS,DEPT_HOUSING,SUB_URBAN_HOUSING,WF_HOUSING_SANCTION
government scheme house allotment for welfare,PM_AWAS,DEPT_HOUSING,SUB_URBAN_HOUSING,WF_HOUSING_SANCTION
apply for interest subsidy clss and beneficiary led construction,PM_AWAS,DEPT_HOUSING,SUB_URBAN_HOUSING,WF_HOUSING_SANCTION
We are residing in Rangareddy and applying for 2.5 lakh housing grant,PM_AWAS,DEPT_HOUSING,SUB_URBAN_HOUSING,WF_HOUSING_SANCTION
apply for housing scheme and interest subsidy clss,PM_AWAS,DEPT_HOUSING,SUB_URBAN_HOUSING,WF_HOUSING_SANCTION
Kindly verify my details and approve pucca house subsidy,PM_AWAS,DEPT_HOUSING,SUB_URBAN_HOUSING,WF_HOUSING_SANCTION
apply for 2.5 lakh housing grant and pucca house subsidy,PM_AWAS,DEPT_HOUSING,SUB_URBAN_HOUSING,WF_HOUSING_SANCTION
I want to apply for pmay geo tagging in Rangareddy,PM_AWAS,DEPT_HOUSING,SUB_URBAN_HOUSING,WF_HOUSING_SANCTION
I want to apply for housing sanction in Karimnagar,PM_AWAS,DEPT_HOUSING,SUB_URBAN_HOUSING,WF_HOUSING_SANCTION
respected officer please approve beneficiary led construction,PM_AWAS,DEPT_HOUSING,SUB_URBAN_HOUSING,WF_HOUSING_SANCTION
I want to apply for house allotment in Medchal,PM_AWAS,DEPT_HOUSING,SUB_URBAN_HOUSING,WF_HOUSING_SANCTION
Can I get housing scheme support for this year,PM_AWAS,DEPT_HOUSING,SUB_URBAN_HOUSING,WF_HOUSING_SANCTION
I want to apply for 2.5 lakh housing grant in Medchal,PM_AWAS,DEPT_HOUSING,SUB_URBAN_HOUSING,WF_HOUSING_SANCTION
Uploaded documents for housing sanction verification,PM_AWAS,DEPT_HOUSING,SUB_URBAN_HOUSING,WF_HOUSING_SANCTION
application form for pradhan mantri awas in Hyderabad,PM_AWAS,DEPT_HOUSING,SUB_URBAN_HOUSING,WF_HOUSING_SANCTION
Looking for government portal to apply pradhan mantri awas,PM_AWAS,DEPT_HOUSING,SUB_URBAN_HOUSING,WF_HOUSING_SANCTION
apply for pm awas yojana and pmay,PM_AWAS,DEPT_HOUSING,SUB_URBAN_HOUSING,WF_HOUSING_SANCTION
Kindly verify my details and approve pm awas yojana,PM_AWAS,DEPT_HOUSING,SUB_URBAN_HOUSING,WF_HOUSING_SANCTION
Hello officer please guide me for pm awas yojana,PM_AWAS,DEPT_HOUSING,SUB_URBAN_HOUSING,WF_HOUSING_SANCTION
We are residing in Warangal and applying for pm awas yojana,PM_AWAS,DEPT_HOUSING,SUB_URBAN_HOUSING,WF_HOUSING_SANCTION
We are residing in Rangareddy and applying for housing sanction,PM_AWAS,DEPT_HOUSING,SUB_URBAN_HOUSING,WF_HOUSING_SANCTION
Can I get pucca house subsidy support for this year,PM_AWAS,DEPT_HOUSING,SUB_URBAN_HOUSING,WF_HOUSING_SANCTION
Kindly verify my details and approve pmay,PM_AWAS,DEPT_HOUSING,SUB_URBAN_HOUSING,WF_HOUSING_SANCTION
i am eligible for urban housing assistance uploaded all proofs,PM_AWAS,DEPT_HOUSING,SUB_URBAN_HOUSING,WF_HOUSING_SANCTION
Online registration for house allotment on state portal,PM_AWAS,DEPT_HOUSING,SUB_URBAN_HOUSING,WF_HOUSING_SANCTION
Kindly verify my details and approve pradhan mantri awas,PM_AWAS,DEPT_HOUSING,SUB_URBAN_HOUSING,WF_HOUSING_SANCTION
We are residing in Hyderabad and applying for housing scheme,PM_AWAS,DEPT_HOUSING,SUB_URBAN_HOUSING,WF_HOUSING_SANCTION
Looking for government portal to apply pmay,PM_AWAS,DEPT_HOUSING,SUB_URBAN_HOUSING,WF_HOUSING_SANCTION
Online registration for home construction grant on state portal,PM_AWAS,DEPT_HOUSING,SUB_URBAN_HOUSING,WF_HOUSING_SANCTION
Application for beneficiary led construction under government rules,PM_AWAS,DEPT_HOUSING,SUB_URBAN_HOUSING,WF_HOUSING_SANCTION
apply for interest subsidy clss and house allotment,PM_AWAS,DEPT_HOUSING,SUB_URBAN_HOUSING,WF_HOUSING_SANCTION
apply for home construction grant and pmay geo tagging,PM_AWAS,DEPT_HOUSING,SUB_URBAN_HOUSING,WF_HOUSING_SANCTION
URGENT: Requesting immediate approval for 2.5 lakh housing grant,PM_AWAS,DEPT_HOUSING,SUB_URBAN_HOUSING,WF_HOUSING_SANCTION
Uploaded documents for pm awas yojana verification,PM_AWAS,DEPT_HOUSING,SUB_URBAN_HOUSING,WF_HOUSING_SANCTION
Submission of required proofs for pmay geo tagging,PM_AWAS,DEPT_HOUSING,SUB_URBAN_HOUSING,WF_HOUSING_SANCTION
apply for pmay and kutcha house replacement,PM_AWAS,DEPT_HOUSING,SUB_URBAN_HOUSING,WF_HOUSING_SANCTION
respected officer please approve house allotment,PM_AWAS,DEPT_HOUSING,SUB_URBAN_HOUSING,WF_HOUSING_SANCTION
apply for pmay and interest subsidy clss,PM_AWAS,DEPT_HOUSING,SUB_URBAN_HOUSING,WF_HOUSING_SANCTION
Can I get 2.5 lakh housing grant support for this year,PM_AWAS,DEPT_HOUSING,SUB_URBAN_HOUSING,WF_HOUSING_SANCTION
Uploaded documents for pucca house subsidy verification,PM_AWAS,DEPT_HOUSING,SUB_URBAN_HOUSING,WF_HOUSING_SANCTION
my home construction grant was submitted kindly do the needful,PM_AWAS,DEPT_HOUSING,SUB_URBAN_HOUSING,WF_HOUSING_SANCTION
All my eligibility documents are ready for urban housing assistance,PM_AWAS,DEPT_HOUSING,SUB_URBAN_HOUSING,WF_HOUSING_SANCTION
my 2.5 lakh housing grant was submitted kindly do the needful,PM_AWAS,DEPT_HOUSING,SUB_URBAN_HOUSING,WF_HOUSING_SANCTION
We are residing in Hyderabad and applying for house allotment,PM_AWAS,DEPT_HOUSING,SUB_URBAN_HOUSING,WF_HOUSING_SANCTION
I want to apply for home construction grant in Medchal,PM_AWAS,DEPT_HOUSING,SUB_URBAN_HOUSING,WF_HOUSING_SANCTION
apply for pmay and housing sanction,PM_AWAS,DEPT_HOUSING,SUB_URBAN_HOUSING,WF_HOUSING_SANCTION
Kindly sanction housing sanction for eligible applicant,PM_AWAS,DEPT_HOUSING,SUB_URBAN_HOUSING,WF_HOUSING_SANCTION
Online registration for housing scheme on state portal,PM_AWAS,DEPT_HOUSING,SUB_URBAN_HOUSING,WF_HOUSING_SANCTION
Kindly verify my details and approve housing sanction,PM_AWAS,DEPT_HOUSING,SUB_URBAN_HOUSING,WF_HOUSING_SANCTION
apply for pucca house subsidy and pmay,PM_AWAS,DEPT_HOUSING,SUB_URBAN_HOUSING,WF_HOUSING_SANCTION
apply for beneficiary led construction and pradhan mantri awas,PM_AWAS,DEPT_HOUSING,SUB_URBAN_HOUSING,WF_HOUSING_SANCTION
apply for urban housing assistance and home construction grant,PM_AWAS,DEPT_HOUSING,SUB_URBAN_HOUSING,WF_HOUSING_SANCTION
Hello officer please guide me for kutcha house replacement,PM_AWAS,DEPT_HOUSING,SUB_URBAN_HOUSING,WF_HOUSING_SANCTION
respected officer please approve pmay,PM_AWAS,DEPT_HOUSING,SUB_URBAN_HOUSING,WF_HOUSING_SANCTION
urgent need of pm awas yojana for poor family,PM_AWAS,DEPT_HOUSING,SUB_URBAN_HOUSING,WF_HOUSING_SANCTION
Please process my pmay geo tagging application urgently,PM_AWAS,DEPT_HOUSING,SUB_URBAN_HOUSING,WF_HOUSING_SANCTION
government scheme kutcha house replacement for welfare,PM_AWAS,DEPT_HOUSING,SUB_URBAN_HOUSING,WF_HOUSING_SANCTION
I want to apply for housing sanction in Medchal,PM_AWAS,DEPT_HOUSING,SUB_URBAN_HOUSING,WF_HOUSING_SANCTION
I want to apply for interest subsidy clss in Medchal,PM_AWAS,DEPT_HOUSING,SUB_URBAN_HOUSING,WF_HOUSING_SANCTION
apply for pmay and home construction grant,PM_AWAS,DEPT_HOUSING,SUB_URBAN_HOUSING,WF_HOUSING_SANCTION
apply for housing scheme and housing sanction,PM_AWAS,DEPT_HOUSING,SUB_URBAN_HOUSING,WF_HOUSING_SANCTION
Hello officer please guide me for interest subsidy clss,PM_AWAS,DEPT_HOUSING,SUB_URBAN_HOUSING,WF_HOUSING_SANCTION
My home construction grant request is pending for approval please check,PM_AWAS,DEPT_HOUSING,SUB_URBAN_HOUSING,WF_HOUSING_SANCTION
how to register pm awas yojana online without fee,PM_AWAS,DEPT_HOUSING,SUB_URBAN_HOUSING,WF_HOUSING_SANCTION
We are residing in Karimnagar and applying for house allotment,PM_AWAS,DEPT_HOUSING,SUB_URBAN_HOUSING,WF_HOUSING_SANCTION
Looking for government portal to apply housing scheme,PM_AWAS,DEPT_HOUSING,SUB_URBAN_HOUSING,WF_HOUSING_SANCTION
apply for interest subsidy clss and housing scheme,PM_AWAS,DEPT_HOUSING,SUB_URBAN_HOUSING,WF_HOUSING_SANCTION
Looking for government portal to apply pmay geo tagging,PM_AWAS,DEPT_HOUSING,SUB_URBAN_HOUSING,WF_HOUSING_SANCTION
Hello officer please guide me for housing sanction,PM_AWAS,DEPT_HOUSING,SUB_URBAN_HOUSING,WF_HOUSING_SANCTION
Application for pmay geo tagging under government rules,PM_AWAS,DEPT_HOUSING,SUB_URBAN_HOUSING,WF_HOUSING_SANCTION
apply for beneficiary led construction and housing sanction,PM_AWAS,DEPT_HOUSING,SUB_URBAN_HOUSING,WF_HOUSING_SANCTION
apply for pm awas yojana and kutcha house replacement,PM_AWAS,DEPT_HOUSING,SUB_URBAN_HOUSING,WF_HOUSING_SANCTION
How to apply online for home construction grant on official portal,PM_AWAS,DEPT_HOUSING,SUB_URBAN_HOUSING,WF_HOUSING_SANCTION
We are residing in Hyderabad and applying for housing sanction,PM_AWAS,DEPT_HOUSING,SUB_URBAN_HOUSING,WF_HOUSING_SANCTION
Family annual income is low need beneficiary led construction benefit,PM_AWAS,DEPT_HOUSING,SUB_URBAN_HOUSING,WF_HOUSING_SANCTION
We are residing in Medchal and applying for pmay geo tagging,PM_AWAS,DEPT_HOUSING,SUB_URBAN_HOUSING,WF_HOUSING_SANCTION
My pm awas yojana request is pending for approval please check,PM_AWAS,DEPT_HOUSING,SUB_URBAN_HOUSING,WF_HOUSING_SANCTION
Uploaded documents for kutcha house replacement verification,PM_AWAS,DEPT_HOUSING,SUB_URBAN_HOUSING,WF_HOUSING_SANCTION
I want to apply for urban housing assistance in Karimnagar,PM_AWAS,DEPT_HOUSING,SUB_URBAN_HOUSING,WF_HOUSING_SANCTION
I want to apply for housing scheme in Warangal,PM_AWAS,DEPT_HOUSING,SUB_URBAN_HOUSING,WF_HOUSING_SANCTION
I want to apply for kutcha house replacement in Hyderabad,PM_AWAS,DEPT_HOUSING,SUB_URBAN_HOUSING,WF_HOUSING_SANCTION
Submission of required proofs for urban housing assistance,PM_AWAS,DEPT_HOUSING,SUB_URBAN_HOUSING,WF_HOUSING_SANCTION
apply for pmay geo tagging and pmay geo tagging,PM_AWAS,DEPT_HOUSING,SUB_URBAN_HOUSING,WF_HOUSING_SANCTION
Looking for government portal to apply house allotment,PM_AWAS,DEPT_HOUSING,SUB_URBAN_HOUSING,WF_HOUSING_SANCTION
apply for pm awas yojana and 2.5 lakh housing grant,PM_AWAS,DEPT_HOUSING,SUB_URBAN_HOUSING,WF_HOUSING_SANCTION
government scheme pradhan mantri awas for welfare,PM_AWAS,DEPT_HOUSING,SUB_URBAN_HOUSING,WF_HOUSING_SANCTION
We are residing in Karimnagar and applying for pmay geo tagging,PM_AWAS,DEPT_HOUSING,SUB_URBAN_HOUSING,WF_HOUSING_SANCTION
Please process my house allotment application urgently,PM_AWAS,DEPT_HOUSING,SUB_URBAN_HOUSING,WF_HOUSING_SANCTION
I want to apply for pradhan mantri awas in Karimnagar,PM_AWAS,DEPT_HOUSING,SUB_URBAN_HOUSING,WF_HOUSING_SANCTION
Looking for government portal to apply pm awas yojana,PM_AWAS,DEPT_HOUSING,SUB_URBAN_HOUSING,WF_HOUSING_SANCTION
How to apply online for kutcha house replacement on official portal,PM_AWAS,DEPT_HOUSING,SUB_URBAN_HOUSING,WF_HOUSING_SANCTION
We are residing in Hyderabad and applying for kutcha house replacement,PM_AWAS,DEPT_HOUSING,SUB_URBAN_HOUSING,WF_HOUSING_SANCTION
application form for beneficiary led construction in Hyderabad,PM_AWAS,DEPT_HOUSING,SUB_URBAN_HOUSING,WF_HOUSING_SANCTION
i am eligible for pradhan mantri awas uploaded all proofs,PM_AWAS,DEPT_HOUSING,SUB_URBAN_HOUSING,WF_HOUSING_SANCTION
application form for kutcha house replacement in Hyderabad,PM_AWAS,DEPT_HOUSING,SUB_URBAN_HOUSING,WF_HOUSING_SANCTION
apply for pmay geo tagging and urban housing assistance,PM_AWAS,DEPT_HOUSING,SUB_URBAN_HOUSING,WF_HOUSING_SANCTION
apply for home construction grant and housing scheme,PM_AWAS,DEPT_HOUSING,SUB_URBAN_HOUSING,WF_HOUSING_SANCTION
apply for kutcha house replacement and interest subsidy clss,PM_AWAS,DEPT_HOUSING,SUB_URBAN_HOUSING,WF_HOUSING_SANCTION
i am eligible for kutcha house replacement uploaded all proofs,PM_AWAS,DEPT_HOUSING,SUB_URBAN_HOUSING,WF_HOUSING_SANCTION
apply for home construction grant and 2.5 lakh housing grant,PM_AWAS,DEPT_HOUSING,SUB_URBAN_HOUSING,WF_HOUSING_SANCTION
how to register kutcha house replacement online without fee,PM_AWAS,DEPT_HOUSING,SUB_URBAN_HOUSING,WF_HOUSING_SANCTION
Respected sir kindly grant 2.5 lakh housing grant for our family,PM_AWAS,DEPT_HOUSING,SUB_URBAN_HOUSING,WF_HOUSING_SANCTION
URGENT: Requesting immediate approval for urban housing assistance,PM_AWAS,DEPT_HOUSING,SUB_URBAN_HOUSING,WF_HOUSING_SANCTION
apply for pmay geo tagging and pmay,PM_AWAS,DEPT_HOUSING,SUB_URBAN_HOUSING,WF_HOUSING_SANCTION
Respected sir kindly grant home construction grant for our family,PM_AWAS,DEPT_HOUSING,SUB_URBAN_HOUSING,WF_HOUSING_SANCTION
I want to apply for pmay geo tagging in Hyderabad,PM_AWAS,DEPT_HOUSING,SUB_URBAN_HOUSING,WF_HOUSING_SANCTION
Submission of required proofs for housing scheme,PM_AWAS,DEPT_HOUSING,SUB_URBAN_HOUSING,WF_HOUSING_SANCTION
application form for 2.5 lakh housing grant in Hyderabad,PM_AWAS,DEPT_HOUSING,SUB_URBAN_HOUSING,WF_HOUSING_SANCTION
apply for interest subsidy clss and home construction grant,PM_AWAS,DEPT_HOUSING,SUB_URBAN_HOUSING,WF_HOUSING_SANCTION
My pradhan mantri awas request is pending for approval please check,PM_AWAS,DEPT_HOUSING,SUB_URBAN_HOUSING,WF_HOUSING_SANCTION
my pm awas yojana was submitted kindly do the needful,PM_AWAS,DEPT_HOUSING,SUB_URBAN_HOUSING,WF_HOUSING_SANCTION
apply for urban housing assistance and pmay geo tagging,PM_AWAS,DEPT_HOUSING,SUB_URBAN_HOUSING,WF_HOUSING_SANCTION
Please process my pmay application urgently,PM_AWAS,DEPT_HOUSING,SUB_URBAN_HOUSING,WF_HOUSING_SANCTION
Need official assistance regarding kutcha house replacement application,PM_AWAS,DEPT_HOUSING,SUB_URBAN_HOUSING,WF_HOUSING_SANCTION
I want to apply for housing scheme in Karimnagar,PM_AWAS,DEPT_HOUSING,SUB_URBAN_HOUSING,WF_HOUSING_SANCTION
apply for house allotment and home construction grant,PM_AWAS,DEPT_HOUSING,SUB_URBAN_HOUSING,WF_HOUSING_SANCTION
apply for pucca house subsidy and home construction grant,PM_AWAS,DEPT_HOUSING,SUB_URBAN_HOUSING,WF_HOUSING_SANCTION
Kindly verify my details and approve house allotment,PM_AWAS,DEPT_HOUSING,SUB_URBAN_HOUSING,WF_HOUSING_SANCTION
Looking for government portal to apply interest subsidy clss,PM_AWAS,DEPT_HOUSING,SUB_URBAN_HOUSING,WF_HOUSING_SANCTION
apply for pmay and house allotment,PM_AWAS,DEPT_HOUSING,SUB_URBAN_HOUSING,WF_HOUSING_SANCTION
Looking for government portal to apply home construction grant,PM_AWAS,DEPT_HOUSING,SUB_URBAN_HOUSING,WF_HOUSING_SANCTION
Uploaded documents for 2.5 lakh housing grant verification,PM_AWAS,DEPT_HOUSING,SUB_URBAN_HOUSING,WF_HOUSING_SANCTION
Need financial help and pucca house subsidy as soon as possible,PM_AWAS,DEPT_HOUSING,SUB_URBAN_HOUSING,WF_HOUSING_SANCTION
We are residing in Medchal and applying for pm awas yojana,PM_AWAS,DEPT_HOUSING,SUB_URBAN_HOUSING,WF_HOUSING_SANCTION
apply for pmay and pm awas yojana,PM_AWAS,DEPT_HOUSING,SUB_URBAN_HOUSING,WF_HOUSING_SANCTION
apply for house allotment and urban housing assistance,PM_AWAS,DEPT_HOUSING,SUB_URBAN_HOUSING,WF_HOUSING_SANCTION
apply for interest subsidy clss and pmay,PM_AWAS,DEPT_HOUSING,SUB_URBAN_HOUSING,WF_HOUSING_SANCTION
apply for pradhan mantri awas and home construction grant,PM_AWAS,DEPT_HOUSING,SUB_URBAN_HOUSING,WF_HOUSING_SANCTION
application form for pucca house subsidy in Hyderabad,PM_AWAS,DEPT_HOUSING,SUB_URBAN_HOUSING,WF_HOUSING_SANCTION
i am eligible for pmay uploaded all proofs,PM_AWAS,DEPT_HOUSING,SUB_URBAN_HOUSING,WF_HOUSING_SANCTION
I want to apply for pucca house subsidy in Rangareddy,PM_AWAS,DEPT_HOUSING,SUB_URBAN_HOUSING,WF_HOUSING_SANCTION
apply for home construction grant and urban housing assistance,PM_AWAS,DEPT_HOUSING,SUB_URBAN_HOUSING,WF_HOUSING_SANCTION
apply for pucca house subsidy and pradhan mantri awas,PM_AWAS,DEPT_HOUSING,SUB_URBAN_HOUSING,WF_HOUSING_SANCTION
i am eligible for housing scheme uploaded all proofs,PM_AWAS,DEPT_HOUSING,SUB_URBAN_HOUSING,WF_HOUSING_SANCTION
Kindly sanction beneficiary led construction for eligible applicant,PM_AWAS,DEPT_HOUSING,SUB_URBAN_HOUSING,WF_HOUSING_SANCTION
Please process my pucca house subsidy application urgently,PM_AWAS,DEPT_HOUSING,SUB_URBAN_HOUSING,WF_HOUSING_SANCTION
We are residing in Hyderabad and applying for interest subsidy clss,PM_AWAS,DEPT_HOUSING,SUB_URBAN_HOUSING,WF_HOUSING_SANCTION
My housing scheme request is pending for approval please check,PM_AWAS,DEPT_HOUSING,SUB_URBAN_HOUSING,WF_HOUSING_SANCTION
apply for beneficiary led construction and pmay geo tagging,PM_AWAS,DEPT_HOUSING,SUB_URBAN_HOUSING,WF_HOUSING_SANCTION
I want to apply for 2.5 lakh housing grant in Warangal,PM_AWAS,DEPT_HOUSING,SUB_URBAN_HOUSING,WF_HOUSING_SANCTION
application form for housing scheme in Hyderabad,PM_AWAS,DEPT_HOUSING,SUB_URBAN_HOUSING,WF_HOUSING_SANCTION
I want to apply for urban housing assistance in Rangareddy,PM_AWAS,DEPT_HOUSING,SUB_URBAN_HOUSING,WF_HOUSING_SANCTION
apply for house allotment and pucca house subsidy,PM_AWAS,DEPT_HOUSING,SUB_URBAN_HOUSING,WF_HOUSING_SANCTION
apply for pmay geo tagging and housing sanction,PM_AWAS,DEPT_HOUSING,SUB_URBAN_HOUSING,WF_HOUSING_SANCTION
apply for house allotment and pmay geo tagging,PM_AWAS,DEPT_HOUSING,SUB_URBAN_HOUSING,WF_HOUSING_SANCTION
I want to apply for pucca house subsidy in Warangal,PM_AWAS,DEPT_HOUSING,SUB_URBAN_HOUSING,WF_HOUSING_SANCTION
Family annual income is low need house allotment benefit,PM_AWAS,DEPT_HOUSING,SUB_URBAN_HOUSING,WF_HOUSING_SANCTION
apply for housing scheme and housing scheme,PM_AWAS,DEPT_HOUSING,SUB_URBAN_HOUSING,WF_HOUSING_SANCTION
We are residing in Warangal and applying for urban housing assistance,PM_AWAS,DEPT_HOUSING,SUB_URBAN_HOUSING,WF_HOUSING_SANCTION
respected officer please approve housing sanction,PM_AWAS,DEPT_HOUSING,SUB_URBAN_HOUSING,WF_HOUSING_SANCTION
We are residing in Medchal and applying for 2.5 lakh housing grant,PM_AWAS,DEPT_HOUSING,SUB_URBAN_HOUSING,WF_HOUSING_SANCTION
I want to apply for pmay in Rangareddy,PM_AWAS,DEPT_HOUSING,SUB_URBAN_HOUSING,WF_HOUSING_SANCTION
Need financial help and housing scheme as soon as possible,PM_AWAS,DEPT_HOUSING,SUB_URBAN_HOUSING,WF_HOUSING_SANCTION
apply for house allotment and housing sanction,PM_AWAS,DEPT_HOUSING,SUB_URBAN_HOUSING,WF_HOUSING_SANCTION
Online registration for pmay geo tagging on state portal,PM_AWAS,DEPT_HOUSING,SUB_URBAN_HOUSING,WF_HOUSING_SANCTION
I want to apply for pmay geo tagging in Karimnagar,PM_AWAS,DEPT_HOUSING,SUB_URBAN_HOUSING,WF_HOUSING_SANCTION
Kindly sanction pmay geo tagging for eligible applicant,PM_AWAS,DEPT_HOUSING,SUB_URBAN_HOUSING,WF_HOUSING_SANCTION
apply for pmay and beneficiary led construction,PM_AWAS,DEPT_HOUSING,SUB_URBAN_HOUSING,WF_HOUSING_SANCTION
how to register pradhan mantri awas online without fee,PM_AWAS,DEPT_HOUSING,SUB_URBAN_HOUSING,WF_HOUSING_SANCTION
My beneficiary led construction request is pending for approval please check,PM_AWAS,DEPT_HOUSING,SUB_URBAN_HOUSING,WF_HOUSING_SANCTION
Application for house allotment under government rules,PM_AWAS,DEPT_HOUSING,SUB_URBAN_HOUSING,WF_HOUSING_SANCTION
Need financial help and pradhan mantri awas as soon as possible,PM_AWAS,DEPT_HOUSING,SUB_URBAN_HOUSING,WF_HOUSING_SANCTION
apply for home construction grant and pmay,PM_AWAS,DEPT_HOUSING,SUB_URBAN_HOUSING,WF_HOUSING_SANCTION
apply for 2.5 lakh housing grant and pradhan mantri awas,PM_AWAS,DEPT_HOUSING,SUB_URBAN_HOUSING,WF_HOUSING_SANCTION
I want to apply for house allotment in Rangareddy,PM_AWAS,DEPT_HOUSING,SUB_URBAN_HOUSING,WF_HOUSING_SANCTION
apply for urban housing assistance and beneficiary led construction,PM_AWAS,DEPT_HOUSING,SUB_URBAN_HOUSING,WF_HOUSING_SANCTION
Kindly verify my details and approve 2.5 lakh housing grant,PM_AWAS,DEPT_HOUSING,SUB_URBAN_HOUSING,WF_HOUSING_SANCTION
my urban housing assistance was submitted kindly do the needful,PM_AWAS,DEPT_HOUSING,SUB_URBAN_HOUSING,WF_HOUSING_SANCTION
We are residing in Medchal and applying for pradhan mantri awas,PM_AWAS,DEPT_HOUSING,SUB_URBAN_HOUSING,WF_HOUSING_SANCTION
Hello officer please guide me for home construction grant,PM_AWAS,DEPT_HOUSING,SUB_URBAN_HOUSING,WF_HOUSING_SANCTION
Please process my home construction grant application urgently,PM_AWAS,DEPT_HOUSING,SUB_URBAN_HOUSING,WF_HOUSING_SANCTION
apply for pmay and pucca house subsidy,PM_AWAS,DEPT_HOUSING,SUB_URBAN_HOUSING,WF_HOUSING_SANCTION
We are residing in Warangal and applying for house allotment,PM_AWAS,DEPT_HOUSING,SUB_URBAN_HOUSING,WF_HOUSING_SANCTION
How to apply online for pm awas yojana on official portal,PM_AWAS,DEPT_HOUSING,SUB_URBAN_HOUSING,WF_HOUSING_SANCTION
